;San Marino;Andorra;Luxembourg;Iceland;Faroe Islands-Denmark;Gibraltar-United Kingdom;Spain;Switzerland;Italy;Liechtenstein;Monaco;Belgium;Channel Islands-United Kingdom;Isle of Man-United Kingdom;France;Austria;Montserrat-United Kingdom;Germany;Portugal;Norway;Netherlands;US;Ireland;Israel;Estonia;Denmark;Iran;Sweden;St Martin-France;United Kingdom;Saint Barthelemy-France;Aruba-Netherlands;BermudaUnited Kingdom;Sint Maarten-Netherlands;Cayman Islands-United Kingdom;Mayotte-France;Malta;Slovenia;Qatar;Czechia;Bahrain;Panama;Martinique-France;Reunion-France;Cyprus;Canada;Guadeloupe-France;Montenegro;Brunei;Falkland Islands (Islas Malvinas)-United Kingdom;Turkey;Lithuania;Croatia;Latvia;Armenia;North Macedonia;Chile;Australia;French Guiana-France;Singapore;Anguilla-United Kingdom;Korea, South;New Zealand;Ecuador;Dominica;Greenland-Denmark;Bosnia and Herzegovina;Romania;Moldova;Serbia;Barbados;Saint Kitts and Nevis;Greece;Mauritius;Antigua and Barbuda;United Arab Emirates;French Polynesia-France;Dominican Republic;Turks and Caicos Islands-United Kingdom;Albania;Uruguay;Kuwait;Malaysia;Grenada;Seychelles;British Virgin Islands-United Kingdom;Poland;Finland;Slovakia;Costa Rica;Saint Lucia;Lebanon;Trinidad and Tobago;Bulgaria;Bahamas;Hungary;Curacao-Netherlands;Saint Vincent and the Grenadines;Saudi Arabia;New Caledonia-France;China;Oman;Peru;Azerbaijan;Djibouti;Brazil;Tunisia;Belarus;Georgia;Maldives;Russia;Argentina;Jordan;Thailand;Guyana;Algeria;Kazakhstan;Philippines;Ukraine;Colombia;South Africa;Honduras;Cuba;Morocco;Japan;Kyrgyzstan;Iraq;Cameroon;Jamaica;Suriname;Burkina Faso;Taiwan*;Paraguay;Fiji;Mexico;Senegal;Pakistan;Cabo Verde;Bolivia;Equatorial Guinea;Egypt;Belize;Gabon;Cote d'Ivoire;Guinea-Bissau;Holy See;El Salvador;Guinea;Eritrea;Uzbekistan;Rwanda;Eswatini;Sri Lanka;Afghanistan;Indonesia;Cambodia;Ghana;Bhutan;Niger;Namibia;Venezuela;Togo;Mongolia;Guatemala;Libya;Madagascar;Vietnam;Kenya;India;Zambia;Mali;Liberia;Haiti;Botswana;`;Gambia;Laos;Benin;Mauritania;Uganda;Nigeria;Syria;Timor-Leste;Nicaragua;Zimbabwe;Chad;Sierra Leone;Somalia;Bangladesh;Tanzania;Ethiopia;Mozambique;Nepal;Angola;Burundi;Sudan;Malawi;Papua New Guinea
Population;33931;77265;625978;341243;48863;33691;46754778;8654622;60461826;38128;39242;11589623;173863;85033;65273511;9006398;4992;83783942;10196709;5421241;17134872;331002651;4937786;8655535;1326535;5792202;83992949;10099265;38666;67886011;9877;106766;62278;42876;65722;272815;441543;2078938;2881053;10708981;1701575;4314767;375265;895312;1207359;37742154;400124;628066;437479;3480;84339067;2722289;4105267;1886198;2963243;2083374;19116201;25499884;298682;5850342;15003;51269185;4822233;17643054;71986;56770;3280819;19237691;4033963;8737371;287375;53199;10423054;1271768;97929;9890402;280908;10847910;38717;2877797;3473730;4270571;32365999;112523;98347;30231;37846611;21413249;5459642;5094118;183627;6825445;1399488;6948445;393244;9660351;164093;110940;34813871;285498;1439323776;5106626;32971854;10139177;988000;212559417;11818619;9449323;3989167;540544;145934462;45195774;10203134;69799978;786552;43851044;18776707;109581078;43733762;50882891;59308690;9904607;11326616;36910560;126476461;6524195;40222493;26545863;2961167;586632;20903273;23816775;7132538;896445;128932753;16743927;220892340;555987;11673021;1402985;102334404;397628;2225734;26378274;1968001;801000;6486205;13132795;3546421;33469203;12952218;1160164;21413249;38928346;273523615;16718965;31072940;771608;24206644;2540905;28435940;8278724;3278290;17915568;6871292;27691018;97338579;53771296;1380004385;18383955;20250833;5057681;11402528;2351627;4829767;2416668;7275560;12123200;4649658;45741007;206139589;17500658;1318445;6624554;14862924;16425864;7976983;15893222;164689383;59734218;114963588;31255435;29136808;32866272;11890784;43849260;19129952;8947024
22/01/2020;0;0;0;0;0;0;0;0;0;0;0;0;0;0;0;0;0;0;0;0;0;0.003021124;0;0;0;0;0;0;0;0;0;0;0;0;0;0;0;0;0;0;0;0;0;0;0;0;0;0;0;0;0;0;0;0;0;0;0;0;0;0;0;0.019504894;0;0;0;0;0;0;0;0;0;0;0;0;0;0;0;0;0;0;0;0;0;0;0;0;0;0;0;0;0;0;0;0;0;0;0;0;0;0;0.380734348;0;0;0;0;0;0;0;0;0;0;0;0;0.028653304;0;0;0;0;0;0;0;0;0;0;0.015813219;0;0;0;0;0;0;0.041987213;0;0;0;0;0;0;0;0;0;0;0;0;0;0;0;0;0;0;0;0;0;0;0;0;0;0;0;0;0;0;0;0;0;0;0;0;0;0;0;0;0;0;0;0;0;0;0;0;0;0;0;0;0;0;0;0;0;0;0;0;0;0;0;0;0;0
23/01/2020;0;0;0;0;0;0;0;0;0;0;0;0;0;0;0;0;0;0;0;0;0;0.003021124;0;0;0;0;0;0;0;0;0;0;0;0;0;0;0;0;0;0;0;0;0;0;0;0;0;0;0;0;0;0;0;0;0;0;0;0;0;0.170930178;0;0.019504894;0;0;0;0;0;0;0;0;0;0;0;0;0;0;0;0;0;0;0;0;0;0;0;0;0;0;0;0;0;0;0;0;0;0;0;0;0;0;0.446737566;0;0;0;0;0;0;0;0;0;0;0;0;0.042979956;0;0;0;0;0;0;0;0;0;0;0.015813219;0;0;0;0;0;0;0.041987213;0;0;0;0;0;0;0;0;0;0;0;0;0;0;0;0;0;0;0;0;0;0;0;0;0;0;0;0;0;0;0;0;0;0;0.020546838;0;0;0;0;0;0;0;0;0;0;0;0;0;0;0;0;0;0;0;0;0;0;0;0;0;0;0;0;0;0;0
24/01/2020;0;0;0;0;0;0;0;0;0;0;0;0;0;0;0.030640301;0;0;0;0;0;0;0.006042248;0;0;0;0;0;0;0;0;0;0;0;0;0;0;0;0;0;0;0;0;0;0;0;0;0;0;0;0;0;0;0;0;0;0;0;0;0;0.512790534;0;0.039009787;0;0;0;0;0;0;0;0;0;0;0;0;0;0;0;0;0;0;0;0;0;0;0;0;0;0;0;0;0;0;0;0;0;0;0;0;0;0;0.639189052;0;0;0;0;0;0;0;0;0;0;0;0;0.07163326;0;0;0;0;0;0;0;0;0;0;0.015813219;0;0;0;0;0;0;0.125961638;0;0;0;0;0;0;0;0;0;0;0;0;0;0;0;0;0;0;0;0;0;0;0;0;0;0;0;0;0;0;0;0;0;0;0.020546838;0;0;0;0;0;0;0;0;0;0;0;0;0;0;0;0;0;0;0;0;0;0;0;0;0;0;0;0;0;0;0
25/01/2020;0;0;0;0;0;0;0;0;0;0;0;0;0;0;0.045960451;0;0;0;0;0;0;0.006042248;0;0;0;0;0;0;0;0;0;0;0;0;0;0;0;0;0;0;0;0;0;0;0;0;0;0;0;0;0;0;0;0;0;0;0;0;0;0.512790534;0;0.039009787;0;0;0;0;0;0;0;0;0;0;0;0;0;0;0;0;0;0;0;0;0.092689863;0;0;0;0;0;0;0;0;0;0;0;0;0;0;0;0;0;0.976847617;0;0;0;0;0;0;0;0;0;0;0;0;0.100286565;0;0;0;0;0;0;0;0;0;0;0.015813219;0;0;0;0;0;0;0.125961638;0;0;0;0;0;0;0;0;0;0;0;0;0;0;0;0;0;0;0;0;0;0;0;0;0;0;0;0;0;0;0;0;0;0;0.020546838;0;0;0;0;0;0;0;0;0;0;0;0;0;0;0;0;0;0;0;0;0;0;0;0;0;0.034320849;0;0;0;0;0
26/01/2020;0;0;0;0;0;0;0;0;0;0;0;0;0;0;0.045960451;0;0;0;0;0;0;0.015105619;0;0;0;0;0;0;0;0;0;0;0;0;0;0;0;0;0;0;0;0;0;0;0;0.026495573;0;0;0;0;0;0;0;0;0;0;0;0.156863459;0;0.683720712;0;0.058514681;0;0;0;0;0;0;0;0;0;0;0;0;0;0;0;0;0;0;0;0;0.123586483;0;0;0;0;0;0;0;0;0;0;0;0;0;0;0;0;0;1.441649221;0;0;0;0;0;0;0;0;0;0;0;0;0.114613217;0;0;0;0;0;0;0;0;0;0;0.031626438;0;0;0;0;0;0;0.167948851;0;0;0;0;0;0;0;0;0;0;0;0;0;0;0;0;0;0;0;0;0;0;0;0;0;0;0;0;0;0;0;0;0;0;0.020546838;0;0;0;0;0;0;0;0;0;0;0;0;0;0;0;0;0;0;0;0;0;0;0;0;0;0.034320849;0;0;0;0;0
27/01/2020;0;0;0;0;0;0;0;0;0;0;0;0;0;0;0.045960451;0;0;0.011935461;0;0;0;0.015105619;0;0;0;0;0;0;0;0;0;0;0;0;0;0;0;0;0;0;0;0;0;0;0;0.026495573;0;0;0;0;0;0;0;0;0;0;0;0.196079323;0;0.85465089;0;0.078019575;0;0;0;0;0;0;0;0;0;0;0;0;0;0;0;0;0;0;0;0;0.123586483;0;0;0;0;0;0;0;0;0;0;0;0;0;0;0;0;0;1.998855329;0;0;0;0;0;0;0;0;0;0;0;0;0.114613217;0;0;0;0;0;0;0;0;0;0;0.031626438;0;0;0;0;0;0;0.209936064;0;0;0;0;0;0;0;0;0;0;0;0;0;0;0;0;0;0;0;0;0.046700059;0;0;0.059812315;0;0;0;0;0;0;0;0;0;0;0.020546838;0;0;0;0;0;0;0;0;0;0;0;0;0;0;0;0;0;0;0;0;0;0;0;0;0;0.034320849;0;0;0;0;0
28/01/2020;0;0;0;0;0;0;0;0;0;0;0;0;0;0;0.061280601;0;0;0.047741845;0;0;0;0.015105619;0;0;0;0;0;0;0;0;0;0;0;0;0;0;0;0;0;0;0;0;0;0;0;0.052991146;0;0;0;0;0;0;0;0;0;0;0;0.196079323;0;1.196511247;0;0.078019575;0;0;0;0;0;0;0;0;0;0;0;0;0;0;0;0;0;0;0;0;0.123586483;0;0;0;0;0;0;0;0;0;0;0;0;0;0;0;0;0;3.827491835;0;0;0;0;0;0;0;0;0;0;0;0;0.200573129;0;0;0;0;0;0;0;0;0;0;0.055346267;0;0;0;0;0;0;0.335897702;0;0;0;0;0;0;0;0;0;0;0;0;0;0;0;0;0;0;0;0;0.046700059;0;0;0.059812315;0;0;0;0;0;0;0;0;0;0;0.020546838;0;0;0;0;0;0;0;0;0;0;0;0;0;0;0;0;0;0;0;0;0;0;0;0;0;0.034320849;0;0;0;0;0
29/01/2020;0;0;0;0;0;0;0;0;0;0;0;0;0;0;0.076600752;0;0;0.047741845;0;0;0;0.015105619;0;0;0;0;0;0;0;0;0;0;0;0;0;0;0;0;0;0;0;0;0;0;0;0.052991146;0;0;0;0;0;0;0;0;0;0;0;0.235295188;0;1.196511247;0;0.078019575;0;0;0;0;0;0;0;0;0;0;0;0;0;0.404432499;0;0;0;0;0;0;0.216276346;0;0;0;0;0.046700059;0;0;0;0;0;0;0;0;0;0;0;0;4.229069304;0;0;0;0;0;0;0;0;0;0;0;0;0.200573129;0;0;0;0;0;0;0;0;0;0;0.055346267;0;0;0;0;0;0;0.335897702;0;0;0;0;0;0;0;0;0;0;0;0;0;0;0;0;0;0;0;0;0.046700059;0;0;0.059812315;0;0;0;0;0;0;0;0;0;0;0.020546838;0;0;0;0;0;0;0;0;0;0;0;0;0;0;0;0;0;0;0;0;0;0;0;0;0;0.034320849;0;0;0;0;0
30/01/2020;0;0;0;0;0;0;0;0;0;0;0;0;0;0;0.076600752;0;0;0.047741845;0;0;0;0.015105619;0;0;0;0;0;0;0;0;0;0;0;0;0;0;0;0;0;0;0;0;0;0;0;0.052991146;0;0;0;0;0;0;0;0;0;0;0;0.352942782;0;1.709301781;0;0.078019575;0;0;0;0;0;0;0;0;0;0;0;0;0;0.404432499;0;0;0;0;0;0;0.247172967;0;0;0;0;0.046700059;0;0;0;0;0;0;0;0;0;0;0;0;5.65612834;0;0;0;0;0;0;0;0;0;0;0;0;0.200573129;0;0;0;0.009125663;0;0;0;0;0;0;0.086972706;0;0;0;0;0;0;0.377884915;0;0;0;0;0;0;0;0;0;0;0;0;0;0;0;0;0;0;0;0;0.046700059;0;0;0.059812315;0;0;0;0;0;0;0;0;0;0;0.020546838;0;0.000724635;0;0;0;0;0;0;0;0;0;0;0;0;0;0;0;0;0;0;0;0;0;0;0;0.034320849;0;0;0;0;0
31/01/2020;0;0;0;0;0;0;0;0;0.033078723;0;0;0;0;0;0.076600752;0;0;0.059677307;0;0;0;0.021147867;0;0;0;0;0;0.099017107;0;0.029461151;0;0;0;0;0;0;0;0;0;0;0;0;0;0;0;0.105982292;0;0;0;0;0;0;0;0;0;0;0;0.352942782;0;2.222092315;0;0.21455383;0;0;0;0;0;0;0;0;0;0;0;0;0;0.404432499;0;0;0;0;0;0;0.247172967;0;0;0;0;0.046700059;0;0;0;0;0;0;0;0;0;0;0;0;6.810142487;0;0;0;0;0;0;0;0;0;0.013704782;0;0;0.27220639;0;0;0;0.009125663;0;0;0;0;0;0;0.118599144;0;0;0;0;0;0;0.419872128;0;0;0;0;0;0;0;0;0;0;0;0;0;0;0;0;0;0;0;0;0.046700059;0;0;0.059812315;0;0;0;0;0;0;0;0;0;0;0.020546838;0;0.000724635;0;0;0;0;0;0;0;0;0;0;0;0;0;0;0;0;0;0;0;0;0;0;0;0.034320849;0;0;0;0;0
01/02/2020;0;0;0;0;0;0;0.021388188;0;0.033078723;0;0;0;0;0;0.091920902;0;0;0.095483691;0;0;0;0.024168991;0;0;0;0;0;0.099017107;0;0.029461151;0;0;0;0;0;0;0;0;0;0;0;0;0;0;0;0.105982292;0;0;0;0;0;0;0;0;0;0;0;0.470590376;0;2.73488285;0;0.234058724;0;0;0;0;0;0;0;0;0;0;0;0;0;0.404432499;0;0;0;0;0;0;0.247172967;0;0;0;0;0.046700059;0;0;0;0;0;0;0;0;0;0;0;0;8.261518498;0;0;0;0;0;0;0;0;0;0.013704782;0;0;0.27220639;0;0;0;0.009125663;0;0;0;0;0;0;0.158132192;0;0;0;0;0;0;0.419872128;0;0;0;0;0;0;0;0;0;0;0;0;0;0;0;0;0;0;0;0;0.046700059;0;0;0.059812315;0;0;0;0;0;0;0;0;0;0;0.061640514;0;0.000724635;0;0;0;0;0;0;0;0;0;0;0;0;0;0;0;0;0;0;0;0;0;0;0;0.034320849;0;0;0;0;0
02/02/2020;0;0;0;0;0;0;0.021388188;0;0.033078723;0;0;0;0;0;0.091920902;0;0;0.119354613;0;0;0;0.024168991;0;0;0;0;0;0.099017107;0;0.029461151;0;0;0;0;0;0;0;0;0;0;0;0;0;0;0;0.105982292;0;0;0;0;0;0;0;0;0;0;0;0.470590376;0;3.076743206;0;0.292573404;0;0;0;0;0;0;0;0;0;0;0;0;0;0.505540624;0;0;0;0;0;0;0.247172967;0;0;0;0;0.046700059;0;0;0;0;0;0;0;0;0;0;0;0;11.55403689;0;0;0;0;0;0;0;0;0;0.013704782;0;0;0.27220639;0;0;0;0.018251326;0;0;0;0;0;0;0.158132192;0;0;0;0;0;0;0.419872128;0;0;0;0;0;0;0;0;0;0;0;0;0;0;0;0;0;0;0;0;0.046700059;0;0;0.059812315;0;0;0;0;0;0;0;0;0;0;0.061640514;0;0.001449271;0;0;0;0;0;0;0;0;0;0;0;0;0;0;0;0;0;0;0;0;0;0;0;0.034320849;0;0;0;0;0
03/02/2020;0;0;0;0;0;0;0.021388188;0;0.033078723;0;0;0;0;0;0.091920902;0;0;0.143225536;0;0;0;0.033232362;0;0;0;0;0;0.099017107;0;0.029461151;0;0;0;0;0;0;0;0;0;0;0;0;0;0;0;0.105982292;0;0;0;0;0;0;0;0;0;0;0;0.470590376;0;3.076743206;0;0.292573404;0;0;0;0;0;0;0;0;0;0;0;0;0;0.505540624;0;0;0;0;0;0;0.247172967;0;0;0;0;0.046700059;0;0;0;0;0;0;0;0;0;0;0;0;13.69809929;0;0;0;0;0;0;0;0;0;0.013704782;0;0;0.27220639;0;0;0;0.018251326;0;0;0;0;0;0;0.158132192;0;0;0;0;0;0;0.419872128;0;0;0;0;0;0;0;0;0;0;0;0;0;0;0;0;0;0;0;0;0.046700059;0;0;0.059812315;0;0;0;0;0;0;0;0;0;0;0.082187351;0;0.002173906;0;0;0;0;0;0;0;0;0;0;0;0;0;0;0;0;0;0;0;0;0;0;0;0.034320849;0;0;0;0;0
04/02/2020;0;0;0;0;0;0;0.021388188;0;0.033078723;0;0;0.086284084;0;0;0.091920902;0;0;0.143225536;0;0;0;0.033232362;0;0;0;0;0;0.099017107;0;0.029461151;0;0;0;0;0;0;0;0;0;0;0;0;0;0;0;0.105982292;0;0;0;0;0;0;0;0;0;0;0;0.509806241;0;4.102324274;0;0.312078298;0;0;0;0;0;0;0;0;0;0;0;0;0;0.505540624;0;0;0;0;0;0;0.308966209;0;0;0;0;0.046700059;0;0;0;0;0;0;0;0;0;0;0;0;16.47092919;0;0;0;0;0;0;0;0;0;0.013704782;0;0;0.358166302;0;0;0;0.018251326;0;0;0;0;0;0;0.173945411;0;0;0;0;0;0;0.461859341;0;0;0;0;0;0;0;0;0;0;0;0;0;0;0;0;0;0;0;0;0.046700059;0;0;0.059812315;0;0;0;0;0;0;0;0;0;0;0.082187351;0;0.002173906;0;0;0;0;0;0;0;0;0;0;0;0;0;0;0;0;0;0;0;0;0;0;0;0.034320849;0;0;0;0;0
05/02/2020;0;0;0;0;0;0;0.021388188;0;0.033078723;0;0;0.086284084;0;0;0.091920902;0;0;0.143225536;0;0;0;0.033232362;0;0;0;0;0;0.099017107;0;0.029461151;0;0;0;0;0;0;0;0;0;0;0;0;0;0;0;0.132477865;0;0;0;0;0;0;0;0;0;0;0;0.509806241;0;4.786044987;0;0.370592979;0;0;0;0;0;0;0;0;0;0;0;0;0;0.505540624;0;0;0;0;0;0;0.37075945;0;0;0;0;0.046700059;0;0;0;0;0;0;0;0;0;0;0;0;19.06450825;0;0;0;0;0;0;0;0;0;0.013704782;0;0;0.358166302;0;0;0;0.018251326;0;0;0;0;0;0;0.173945411;0;0;0;0;0;0;0.461859341;0;0;0;0;0;0;0;0;0;0;0;0;0;0;0;0;0;0;0;0;0.046700059;0;0;0.059812315;0;0;0;0;0;0;0;0;0;0;0.082187351;0;0.002173906;0;0;0;0;0;0;0;0;0;0;0;0;0;0;0;0;0;0;0;0;0;0;0;0.034320849;0;0;0;0;0
06/02/2020;0;0;0;0;0;0;0.021388188;0;0.033078723;0;0;0.086284084;0;0;0.091920902;0;0;0.143225536;0;0;0;0.033232362;0;0;0;0;0;0.099017107;0;0.029461151;0;0;0;0;0;0;0;0;0;0;0;0;0;0;0;0.132477865;0;0;0;0;0;0;0;0;0;0;0;0.549022105;0;4.786044987;0;0.448612554;0;0;0;0;0;0;0;0;0;0;0;0;0;0.505540624;0;0;0;0;0;0;0.37075945;0;0;0;0;0.046700059;0;0;0;0;0;0;0;0;0;0;0;0;21.25095167;0;0;0;0;0;0;0;0;0;0.013704782;0;0;0.358166302;0;0;0;0.018251326;0;0;0;0;0;0;0.173945411;0;0;0;0;0;0;0.671795405;0;0;0;0;0;0;0;0;0;0;0;0;0;0;0;0;0;0;0;0;0.046700059;0;0;0.059812315;0;0;0;0;0;0;0;0;0;0;0.102734189;0;0.002173906;0;0;0;0;0;0;0;0;0;0;0;0;0;0;0;0;0;0;0;0;0;0;0;0.034320849;0;0;0;0;0
07/02/2020;0;0;0;0;0;0;0.021388188;0;0.049618085;0;0;0.086284084;0;0;0.091920902;0;0;0.155160997;0;0;0;0.033232362;0;0;0;0;0;0.099017107;0;0.044191726;0;0;0;0;0;0;0;0;0;0;0;0;0;0;0;0.185469012;0;0;0;0;0;0;0;0;0;0;0;0.58823797;0;5.127905343;0;0.468117447;0;0;0;0;0;0;0;0;0;0;0;0;0;0.505540624;0;0;0;0;0;0;0.37075945;0;0;0;0;0.046700059;0;0;0;0;0;0;0;0;0;0;0;0;23.69862888;0;0;0;0;0;0;0;0;0;0.013704782;0;0;0.358166302;0;0;0;0.027376989;0;0;0;0;0;0;0.19766524;0;0;0;0;0;0;0.671795405;0;0;0;0;0;0;0;0;0;0;0;0;0;0;0;0;0;0;0;0;0.046700059;0;0;0.059812315;0;0;0;0;0;0;0;0;0;0;0.102734189;0;0.002173906;0;0;0;0;0;0;0;0;0;0;0;0;0;0;0;0;0;0;0;0;0;0;0;0.034320849;0;0;0;0;0
08/02/2020;0;0;0;0;0;0;0.021388188;0;0.049618085;0;0;0.086284084;0;0;0.168521653;0;0;0.155160997;0;0;0;0.033232362;0;0;0;0;0;0.099017107;0;0.044191726;0;0;0;0;0;0;0;0;0;0;0;0;0;0;0;0.185469012;0;0;0;0;0;0;0;0;0;0;0;0.58823797;0;5.640695877;0;0.468117447;0;0;0;0;0;0;0;0;0;0;0;0;0;0.707756874;0;0;0;0;0;0;0.494345934;0;0;0;0;0.046700059;0;0;0;0;0;0;0;0;0;0;0;0;25.57728887;0;0;0;0;0;0;0;0;0;0.013704782;0;0;0.458452867;0;0;0;0.027376989;0;0;0;0;0;0;0.19766524;0;0;0;0;0;0;0.713782618;0;0;0;0;0;0;0;0;0;0;0;0;0;0;0;0;0;0;0;0;0.046700059;0;0;0.059812315;0;0;0;0;0;0;0;0;0;0;0.133554446;0;0.002173906;0;0;0;0;0;0;0;0;0;0;0;0;0;0;0;0;0;0;0;0;0;0;0;0.034320849;0;0;0;0;0
09/02/2020;0;0;0;0;0;0;0.042776377;0;0.049618085;0;0;0.086284084;0;0;0.168521653;0;0;0.167096459;0;0;0;0.033232362;0;0;0;0;0;0.099017107;0;0.044191726;0;0;0;0;0;0;0;0;0;0;0;0;0;0;0;0.185469012;0;0;0;0;0;0;0;0;0;0;0;0.58823797;0;6.837207124;0;0.487622341;0;0;0;0;0;0;0;0;0;0;0;0;0;0.707756874;0;0;0;0;0;0;0.494345934;0;0;0;0;0.046700059;0;0;0;0;0;0;0;0;0;0;0;0;27.67202256;0;0;0;0;0;0;0;0;0;0.013704782;0;0;0.458452867;0;0;0;0.027376989;0;0;0;0;0;0;0.205571849;0;0;0;0;0;0;0.75576983;0;0;0;0;0;0;0;0;0;0;0;0;0;0;0;0;0;0;0;0;0.046700059;0;0;0.059812315;0;0;0;0;0;0;0;0;0;0;0.133554446;0;0.002173906;0;0;0;0;0;0;0;0;0;0;0;0;0;0;0;0;0;0;0;0;0;0;0;0.034320849;0;0;0;0;0
10/02/2020;0;0;0;0;0;0;0.042776377;0;0.049618085;0;0;0.086284084;0;0;0.168521653;0;0;0.167096459;0;0;0;0.033232362;0;0;0;0;0;0.099017107;0;0.117844603;0;0;0;0;0;0;0;0;0;0;0;0;0;0;0;0.185469012;0;0;0;0;0;0;0;0;0;0;0;0.58823797;0;7.691858014;0;0.526632128;0;0;0;0;0;0;0;0;0;0;0;0;0;0.808864999;0;0;0;0;0;0;0.556139176;0;0;0;0;0.046700059;0;0;0;0;0;0;0;0;0;0;0;0;29.4263186;0;0;0;0;0;0;0;0;0;0.013704782;0;0;0.458452867;0;0;0;0.027376989;0;0;0;0;0;0;0.205571849;0;0;0;0;0;0;0.75576983;0;0;0;0;0;0;0;0;0;0;0;0;0;0;0;0;0;0;0;0;0.046700059;0;0;0.059812315;0;0;0;0;0;0;0;0;0;0;0.143827865;0;0.002173906;0;0;0;0;0;0;0;0;0;0;0;0;0;0;0;0;0;0;0;0;0;0;0;0.034320849;0;0;0;0;0
11/02/2020;0;0;0;0;0;0;0.042776377;0;0.049618085;0;0;0.086284084;0;0;0.168521653;0;0;0.190967381;0;0;0;0.036253486;0;0;0;0;0;0.099017107;0;0.117844603;0;0;0;0;0;0;0;0;0;0;0;0;0;0;0;0.185469012;0;0;0;0;0;0;0;0;0;0;0;0.58823797;0;8.033718371;0;0.546137022;0;0;0;0;0;0;0;0;0;0;0;0;0;0.808864999;0;0;0;0;0;0;0.556139176;0;0;0;0;0.046700059;0;0;0;0;0;0;0;0;0;0;0;0;30.83809268;0;0;0;0;0;0;0;0;0;0.013704782;0;0;0.472779519;0;0;0;0.027376989;0;0;0;0;0;0;0.205571849;0;0;0;0;0;0;0.75576983;0;0;0;0;0;0;0;0;0;0;0;0;0;0;0;0;0;0;0;0;0.046700059;0;0;0.059812315;0;0;0;0;0;0;0;0;0;0;0.154101284;0;0.002173906;0;0;0;0;0;0;0;0;0;0;0;0;0;0;0;0;0;0;0;0;0;0;0;0.034320849;0;0;0;0;0
12/02/2020;0;0;0;0;0;0;0.042776377;0;0.049618085;0;0;0.086284084;0;0;0.168521653;0;0;0.190967381;0;0;0;0.036253486;0;0;0;0;0;0.099017107;0;0.132575178;0;0;0;0;0;0;0;0;0;0;0;0;0;0;0;0.185469012;0;0;0;0;0;0;0;0;0;0;0;0.58823797;0;8.546508905;0;0.546137022;0;0;0;0;0;0;0;0;0;0;0;0;0;0.808864999;0;0;0;0;0;0;0.556139176;0;0;0;0;0.046700059;0;0;0;0;0;0;0;0;0;0;0;0;31.09724215;0;0;0;0;0;0;0;0;0;0.013704782;0;0;0.472779519;0;0;0;0.027376989;0;0;0;0;0;0;0.221385069;0;0;0;0;0;0;0.75576983;0;0;0;0;0;0;0;0;0;0;0;0;0;0;0;0;0;0;0;0;0.046700059;0;0;0.059812315;0;0;0;0;0;0;0;0;0;0;0.154101284;0;0.002173906;0;0;0;0;0;0;0;0;0;0;0;0;0;0;0;0;0;0;0;0;0;0;0;0.034320849;0;0;0;0;0
13/02/2020;0;0;0;0;0;0;0.042776377;0;0.049618085;0;0;0.086284084;0;0;0.168521653;0;0;0.190967381;0;0;0;0.03927461;0;0;0;0;0;0.099017107;0;0.132575178;0;0;0;0;0;0;0;0;0;0;0;0;0;0;0;0.185469012;0;0;0;0;0;0;0;0;0;0;0;0.58823797;0;9.91395033;0;0.546137022;0;0;0;0;0;0;0;0;0;0;0;0;0;0.808864999;0;0;0;0;0;0;0.587035796;0;0;0;0;0.046700059;0;0;0;0;0;0;0;0;0;0;0;0;41.6132916;0;0;0;0;0;0;0;0;0;0.013704782;0;0;0.472779519;0;0;0;0.027376989;0;0;0;0;0;0;0.221385069;0;0;0;0;0;0;0.75576983;0;0;0;0;0;0;0;0;0;0;0;0;0;0;0;0;0;0;0;0;0.046700059;0;0;0.059812315;0;0;0;0;0;0;0;0;0;0;0.164374703;0;0.002173906;0;0;0;0;0;0;0;0;0;0;0;0;0;0;0;0;0;0;0;0;0;0;0;0.034320849;0;0;0;0;0
14/02/2020;0;0;0;0;0;0;0.042776377;0;0.049618085;0;0;0.086284084;0;0;0.168521653;0;0;0.190967381;0;0;0;0.03927461;0;0;0;0;0;0.099017107;0;0.132575178;0;0;0;0;0;0;0;0;0;0;0;0;0;0;0;0.185469012;0;0;0;0;0;0;0;0;0;0;0;0.58823797;0;11.45232193;0;0.546137022;0;0;0;0;0;0;0;0;0;0;0;0;0;0.808864999;0;0;0;0;0;0;0.587035796;0;0;0;0;0.046700059;0;0;0;0;0;0;0;0;0;0;0;0;46.10359469;0;0;0;0;0;0;0;0;0;0.013704782;0;0;0.472779519;0;0;0;0.027376989;0;0;0;0;0;0;0.229291678;0;0;0;0;0;0;0.75576983;0;0;0;0;0;0;0;0;0.009771885;0;0;0;0;0;0;0;0;0;0;0;0.046700059;0;0;0.059812315;0;0;0;0;0;0;0;0;0;0;0.164374703;0;0.002173906;0;0;0;0;0;0;0;0;0;0;0;0;0;0;0;0;0;0;0;0;0;0;0;0.034320849;0;0;0;0;0
15/02/2020;0;0;0;0;0;0;0.042776377;0;0.049618085;0;0;0.086284084;0;0;0.183841804;0;0;0.190967381;0;0;0;0.03927461;0;0;0;0;0;0.099017107;0;0.132575178;0;0;0;0;0;0;0;0;0;0;0;0;0;0;0;0.185469012;0;0;0;0;0;0;0;0;0;0;0;0.58823797;0;12.30697282;0;0.546137022;0;0;0;0;0;0;0;0;0;0;0;0;0;0.808864999;0;0;0;0;0;0;0.679725659;0;0;0;0;0.046700059;0;0;0;0;0;0;0;0;0;0;0;0;47.5313485;0;0;0;0;0;0;0;0;0;0.013704782;0;0;0.472779519;0;0;0;0.027376989;0;0;0;0;0;0;0.339984213;0;0;0;0;0;0;0.75576983;0;0;0;0;0;0;0;0;0.009771885;0;0;0;0;0;0;0;0;0;0;0;0.046700059;0;0;0.059812315;0;0;0;0;0;0;0;0;0;0;0.164374703;0;0.002173906;0;0;0;0;0;0;0;0;0;0;0;0;0;0;0;0;0;0;0;0;0;0;0;0.034320849;0;0;0;0;0
16/02/2020;0;0;0;0;0;0;0.042776377;0;0.049618085;0;0;0.086284084;0;0;0.183841804;0;0;0.190967381;0;0;0;0.03927461;0;0;0;0;0;0.099017107;0;0.132575178;0;0;0;0;0;0;0;0;0;0;0;0;0;0;0;0.185469012;0;0;0;0;0;0;0;0;0;0;0;0.58823797;0;12.81976336;0;0.565641915;0;0;0;0;0;0;0;0;0;0;0;0;0;0.909973123;0;0;0;0;0;0;0.679725659;0;0;0;0;0.046700059;0;0;0;0;0;0;0;0;0;0;0;0;48.99036699;0;0;0;0;0;0;0;0;0;0.013704782;0;0;0.487106171;0;0;0;0.027376989;0;0;0;0;0;0;0.466489966;0;0;0;0;0;0;0.839744256;0;0;0;0;0;0;0;0;0.009771885;0;0;0;0;0;0;0;0;0;0;0;0.046700059;0;0;0.059812315;0;0;0;0;0;0;0;0;0;0;0.164374703;0;0.002173906;0;0;0;0;0;0;0;0;0;0;0;0;0;0;0;0;0;0;0;0;0;0;0;0.034320849;0;0;0;0;0
17/02/2020;0;0;0;0;0;0;0.042776377;0;0.049618085;0;0;0.086284084;0;0;0.183841804;0;0;0.190967381;0;0;0;0.03927461;0;0;0;0;0;0.099017107;0;0.132575178;0;0;0;0;0;0;0;0;0;0;0;0;0;0;0;0.211964585;0;0;0;0;0;0;0;0;0;0;0;0.58823797;0;13.16162371;0;0.585146809;0;0;0;0;0;0;0;0;0;0;0;0;0;0.909973123;0;0;0;0;0;0;0.679725659;0;0;0;0;0.046700059;0;0;0;0;0;0;0;0;0;0;0;0;50.32502152;0;0;0;0;0;0;0;0;0;0.013704782;0;0;0.501432823;0;0;0;0.027376989;0;0;0;0;0;0;0.521836233;0;0;0;0;0;0;0.923718681;0;0;0;0;0;0;0;0;0.009771885;0;0;0;0;0;0;0;0;0;0;0;0.046700059;0;0;0.059812315;0;0;0;0;0;0;0;0;0;0;0.164374703;0;0.002173906;0;0;0;0;0;0;0;0;0;0;0;0;0;0;0;0;0;0;0;0;0;0;0;0.034320849;0;0;0;0;0
18/02/2020;0;0;0;0;0;0;0.042776377;0;0.049618085;0;0;0.086284084;0;0;0.183841804;0;0;0.190967381;0;0;0;0.03927461;0;0;0;0;0;0.099017107;0;0.132575178;0;0;0;0;0;0;0;0;0;0;0;0;0;0;0;0.211964585;0;0;0;0;0;0;0;0;0;0;0;0.58823797;0;13.84534443;0;0.604651703;0;0;0;0;0;0;0;0;0;0;0;0;0;0.909973123;0;0;0;0;0;0;0.679725659;0;0;0;0;0.046700059;0;0;0;0;0;0;0;0;0;0;0;0;51.55962907;0;0;0;0;0;0;0;0;0;0.013704782;0;0;0.501432823;0;0;0;0.027376989;0;0;0;0;0;0;0.58508911;0;0;0;0;0;0;0.923718681;0;0;0;0;0;0;0;0;0.009771885;0;0;0;0;0;0;0;0;0;0;0;0.046700059;0;0;0.059812315;0;0;0;0;0;0;0;0;0;0;0.164374703;0;0.002173906;0;0;0;0;0;0;0;0;0;0;0;0;0;0;0;0;0;0;0;0;0;0;0;0.034320849;0;0;0;0;0
19/02/2020;0;0;0;0;0;0;0.042776377;0;0.049618085;0;0;0.086284084;0;0;0.183841804;0;0;0.190967381;0;0;0;0.03927461;0;0;0;0;0.023811523;0.099017107;0;0.132575178;0;0;0;0;0;0;0;0;0;0;0;0;0;0;0;0.211964585;0;0;0;0;0;0;0;0;0;0;0;0.58823797;0;14.35813496;0;0.604651703;0;0;0;0;0;0;0;0;0;0;0;0;0;0.909973123;0;0;0;0;0;0;0.679725659;0;0;0;0;0.046700059;0;0;0;0;0;0;0;0;0;0;0;0;51.84309552;0;0;0;0;0;0;0;0;0;0.013704782;0;0;0.501432823;0;0;0;0.027376989;0;0;0;0;0;0;0.664155206;0;0;0;0;0;0;0.965705894;0;0;0;0;0;0;0;0;0.009771885;0;0;0;0;0;0;0;0;0;0;0;0.046700059;0;0;0.059812315;0;0;0;0;0;0;0;0;0;0;0.164374703;0;0.002173906;0;0;0;0;0;0;0;0;0;0;0;0;0;0;0;0;0;0;0;0;0;0;0;0.034320849;0;0;0;0;0
20/02/2020;0;0;0;0;0;0;0.042776377;0;0.049618085;0;0;0.086284084;0;0;0.183841804;0;0;0.190967381;0;0;0;0.03927461;0;0;0;0;0.059528806;0.099017107;0;0.132575178;0;0;0;0;0;0;0;0;0;0;0;0;0;0;0;0.211964585;0;0;0;0;0;0;0;0;0;0;0;0.58823797;0;14.35813496;0;2.028508938;0;0;0;0;0;0;0;0;0;0;0;0;0;0.909973123;0;0;0;0;0;0;0.679725659;0;0;0;0;0.046700059;0;0;0;0;0;0;0;0;0;0;0;0;52.1613005;0;0;0;0;0;0;0;0;0;0.013704782;0;0;0.501432823;0;0;0;0.027376989;0;0;0;0;0;0;0.743221302;0;0;0;0;0;0;1.007693107;0;0;0;0;0;0;0;0;0.009771885;0;0;0;0;0;0;0;0;0;0;0;0.046700059;0;0;0.059812315;0;0;0;0;0;0;0;0;0;0;0.164374703;0;0.002173906;0;0;0;0;0;0;0;0;0;0;0;0;0;0;0;0;0;0;0;0;0;0;0;0.034320849;0;0;0;0;0
21/02/2020;0;0;0;0;0;0;0.042776377;0;0.330787231;0;0;0.086284084;0;0;0.183841804;0;0;0.190967381;0;0;0;0.045316858;0;0.115533009;0;0;0.214303703;0.099017107;0;0.132575178;0;0;0;0;0;0;0;0;0;0;0;0;0;0;0;0.238460158;0;0;0;0;0;0;0;0;0;0;0;0.58823797;0;14.52906514;0;3.978998301;0;0;0;0;0;0;0;0;0;0;0;0;0;0.909973123;0;0;0;0;0;0;0.679725659;0;0;0;0;0.046700059;0;0;0;0.146510594;0;0;0;0;0;0;0;0;52.48992705;0;0;0;0;0;0;0;0;0;0.013704782;0;0;0.501432823;0;0;0;0.027376989;0;0;0;0;0;0;0.830194007;0;0;0;0;0;0;1.091667533;0;0;0;0;0;0;0;0;0.009771885;0;0;0;0;0;0;0;0;0;0;0;0.046700059;0;0;0.059812315;0;0;0;0;0;0;0;0;0;0;0.164374703;0;0.002173906;0;0;0;0;0;0;0;0;0;0;0;0;0;0;0;0;0;0;0;0;0;0;0;0.034320849;0;0;0;0;0
22/02/2020;0;0;0;0;0;0;0.042776377;0;1.025440416;0;0;0.086284084;0;0;0.183841804;0;0;0.190967381;0;0;0;0.045316858;0;0.115533009;0;0;0.333361316;0.099017107;0;0.132575178;0;0;0;0;0;0;0;0;0;0;0;0;0;0;0;0.238460158;0;0;0;0;0;0;0;0;0;0;0;0.58823797;0;14.52906514;0;8.445618942;0;0;0;0;0;0;0;0;0;0;0;0;0;1.314405623;0;0;0;0;0;0;0.679725659;0;0;0;0;0.046700059;0;0;0;0.146510594;0;0;0;0;0;0;0;0;53.49803935;0;0;0;0;0;0;0;0;0;0.013704782;0;0;0.501432823;0;0;0;0.027376989;0;0;0;0;0;0;0.964606371;0;0;0;0;0;0;1.091667533;0;0;0;0;0;0;0;0;0.009771885;0;0;0;0;0;0;0;0;0;0;0;0.046700059;0;0;0.059812315;0;0;0;0;0;0;0;0;0;0;0.164374703;0;0.002173906;0;0;0;0;0;0;0;0;0;0;0;0;0;0;0;0;0;0;0;0;0;0;0;0.034320849;0;0;0;0;0
23/02/2020;0;0;0;0;0;0;0.042776377;0;2.56360104;0;0;0.086284084;0;0;0.183841804;0;0;0.190967381;0;0;0;0.045316858;0;0.115533009;0;0;0.511947735;0.099017107;0;0.132575178;0;0;0;0;0;0;0;0;0;0;0;0;0;0;0;0.238460158;0;0;0;0;0;0;0;0;0;0;0;0.58823797;0;15.21278585;0;11.74194597;0;0;0;0;0;0;0;0;0;0;0;0;0;1.314405623;0;0;0;0;0;0;0.679725659;0;0;0;0;0.046700059;0;0;0;0.146510594;0;0;0;0;0;0;0;0;53.51262953;0;0;0;0;0;0;0;0;0;0.013704782;0;0;0.501432823;0;0;0;0.027376989;0;0;0;0;0;0;1.16227161;0;0;0;0;0;0;1.175641958;0;0;0;0;0;0;0;0;0.009771885;0;0;0;0;0;0;0;0;0;0;0;0.046700059;0;0;0.059812315;0;0;0;0;0;0;0;0;0;0;0.164374703;0;0.002173906;0;0;0;0;0;0;0;0;0;0;0;0;0;0;0;0;0;0;0;0;0;0;0;0.034320849;0;0;0;0;0
24/02/2020;0;0;0;0;0;0;0.042776377;0;3.787513794;0;0;0.086284084;0;0;0.183841804;0;0;0.190967381;0;0;0;0.154077316;0;0.115533009;0;0;0.726251438;0.099017107;0;0.19149748;0;0;0;0;0;0;0;0;0;0;0.587690816;0;0;0;0;0.264955731;0;0;0;0;0;0;0;0;0;0;0;0.58823797;0;15.21278585;0;16.2475764;0;0;0;0;0;0;0;0;0;0;0;0;0;1.314405623;0;0;0;0;0;0.234160725;0.679725659;0;0;0;0;0.046700059;0;0;0;0.146510594;0;0;0;0;0;0;0;0;53.66478432;0.391648027;0;0;0;0;0;0;0;0;0.013704782;0;0;0.501432823;0;0;0;0.027376989;0;0;0;0;0;0;1.257150925;0;0.024861711;0;0;0;0;1.259616384;0;0;0;0;0;0;0;0;0.009771885;0;0;0;0;0;0;0;0;0;0;0;0.046700059;0.025688222;0;0.059812315;0;0;0;0;0;0;0;0;0;0;0.164374703;0;0.002173906;0;0;0;0;0;0;0;0;0;0;0;0;0;0;0;0;0;0;0;0;0;0;0;0.034320849;0;0;0;0;0
25/02/2020;0;0;0;0;0;0;0.12832913;0.115545197;5.325674418;0;0;0.086284084;0;0;0.214482104;0.222064359;0;0.202902843;0;0;0;0.154077316;0;0.115533009;0;0;1.131047322;0.099017107;0;0.19149748;0;0;0;0;0;0;0;0;0;0;13.51688876;0;0;0;0;0.291451304;0;0;0;0;0;0;0.243589516;0;0;0;0;0.58823797;0;15.55464621;0;19.05628108;0;0;0;0;0;0;0;0;0;0;0;0;0;1.314405623;0;0;0;0;0;2.575767971;0.679725659;0;0;0;0;0.046700059;0;0;0;0.146510594;0;0;0;0;0;0;0;0;54.02120169;0.391648027;0;0;0;0;0;0;0;0;0.013704782;0;0;0.530086127;0;0.022804474;0;0.027376989;0;0;0;0;0;0;1.344123631;0;0.024861711;0;0;0;0;1.301603597;0;0;0;0;0;0;0;0;0.009771885;0;0;0;0;0;0;0;0;0;0;0;0.046700059;0.025688222;0;0.059812315;0;0;0;0;0;0;0;0;0;0;0.164374703;0;0.002173906;0;0;0;0;0;0;0;0;0;0;0;0;0;0;0;0;0;0;0;0;0;0;0;0.034320849;0;0;0;0;0
26/02/2020;0;0;0;0;0;0;0.278046449;0.115545197;7.492330781;0;0;0.086284084;0;0;0.275762706;0.222064359;0;0.322257456;0;0.18445961;0;0.172204059;0;0.231066017;0;0;1.654900818;0.198034213;0;0.19149748;0;0;0;0;0;0;0;0;0;0;19.39379692;0;0;0;0;0.291451304;0;0;0;0;0;0;0.730768547;0;0;0.479990631;0;0.58823797;0;15.89650656;0;24.59567087;0;0;0;0;0;0.05198129;0;0;0;0;0.09594117;0;0;1.314405623;0;0;0;0;0;6.088178841;0.679725659;0;0;0;0;0.093400119;0;0;0;0.293021188;0;0;0;0;0;0;0;0;54.30744722;0.783296055;0;0;0;0.004704567;0;0;0.250678901;0;0.013704782;0;0;0.573066083;0;0.022804474;0;0.027376989;0;0;0;0;0;0;1.494349213;0;0.124308555;0;0;0;0;1.343590809;0;0;0;0;0.009054184;0;0;0;0.009771885;0;0;0;0;0;0;0;0;0;0;0;0.046700059;0.025688222;0;0.059812315;0;0;0;0;0;0;0;0;0;0;0.164374703;0;0.002173906;0;0;0;0;0;0;0;0;0;0;0;0;0;0;0;0;0;0;0;0;0;0;0;0.034320849;0;0;0;0;0
27/02/2020;29.47157467;0;0;0;0;0;0.320822826;0.924361572;10.83328181;0;0;0.086284084;0;0;0.582165712;0.333096539;0;0.549031221;0;0.18445961;0.058360518;0.175225183;0;0.346599026;0.75384366;0.172645913;2.916911514;0.693119747;0;0.22095863;0;0;0;0;0;0;0;0;0;0;19.39379692;0;0;0;0;0.34444245;0;0;0;0;0;0;0.730768547;0;0;0.479990631;0;0.58823797;0;15.89650656;0;34.44564215;0;0;0;0;0;0.05198129;0;0;0;0;0.287823511;0;0;1.314405623;0;0;0;0;0;10.06891116;0.71062228;0;0;0;0;0.093400119;0;0;0;0.293021188;0;0;0;0;0;0;0;0;54.60897771;0.783296055;0;0;0;0.004704567;0;0;0.250678901;0;0.013704782;0;0;0.573066083;0;0.022804474;0;0.027376989;0;0;0;0;0;0;1.692014453;0;0.174031978;0;0;0;0;1.343590809;0;0;0;0;0.009054184;0;0;0;0.009771885;0;0;0;0;0;0;0;0;0;0;0;0.046700059;0.025688222;0;0.059812315;0;0;0;0;0;0;0;0;0;0;0.164374703;0;0.002173906;0;0;0;0;0;0;0;0;0;0;0;0;0;0;0;0;0;0;0;0;0;0;0;0.034320849;0;0;0;0;0
28/02/2020;29.47157467;0;0;2.930463042;0;0;0.684422028;0.924361572;14.68695305;0;0;0.086284084;0;0;0.873248568;0.333096539;0;0.572902144;0;1.106757659;0.058360518;0.18126743;0;0.462132035;0.75384366;0.172645913;4.619435377;0.693119747;0;0.294611507;0;0;0;0;0;0;0;0;0;0;21.15686937;0;0;0;0;0.370938023;0;0;0;0;0;0.367337928;1.217947578;0;0;0.479990631;0;0.58823797;0;15.89650656;0;45.58293642;0.207372808;0;0;0;0;0.155943871;0;0;0;0;0.383764682;0;0;1.921054372;0;0;0;0;0;10.53723261;0.71062228;0;0;0;0;0.093400119;0;0;0;0.293021188;0;0;0;0;0;0;0;0;54.8368625;0.783296055;0;0;0;0.004704567;0;0.105827687;0.250678901;0;0.013704782;0;0;0.587392735;0;0.022804474;0;0.027376989;0;0;0;0;0;0;1.802706988;0;0.174031978;0;0;0;0;1.427565235;0;0;0.007755981;0;0.009054184;0;0;0;0.009771885;0;0;0;0;0;0;0;0;0;0;0;0.046700059;0.025688222;0;0.059812315;0;0;0;0;0;0;0;0;0;0;0.164374703;0;0.002173906;0;0;0;0;0;0;0;0;0;0;0;0.004851082;0;0;0;0;0;0;0;0;0;0;0;0.034320849;0;0;0;0;0
29/02/2020;29.47157467;0;1.597500232;2.930463042;0;0;0.962468478;2.079813538;18.65639982;0;25.48290097;0.086284084;0;0;1.532015031;0.999289616;0;0.942901445;0;2.766894148;0.350163106;0.205436421;0.202519915;0.808731061;0.75384366;0.517937738;7.060116439;1.18820528;0;0.338803233;0;0;0;0;0;0;0;0;0.347095315;0;24.09532345;0;0;0;0;0.529911462;0;0;0;0;0;0.367337928;1.461537094;0;0;0.479990631;0;0.980396617;0;17.43487817;0;61.44041494;0.207372808;0;0;0;0;0.155943871;0;0;0;0;0.383764682;0;0;2.123270621;0;0;0;0;0;10.53723261;0.772415522;0;0;0;0;0.140100178;0;0;0;0.586042375;0;0;0;0;0;0;0;0;55.13422437;1.174944082;0;0;0;0.009409134;0;0.105827687;0.250678901;0;0.013704782;0;0;0.601719387;0;0.022804474;0;0.027376989;0;0;0;0;0;0;1.905492912;0;0.323202244;0;0;0;0;1.637501299;0;0;0.031023925;0;0.018108369;0;0;0;0.009771885;0;0;0;0;0;0;0;0;0;0;0;0.046700059;0.025688222;0;0.059812315;0;0;0;0;0;0;0;0;0;0;0.164374703;0;0.002173906;0;0;0;0;0;0;0;0;0;0;0;0.004851082;0;0;0;0;0;0;0;0;0;0;0;0.034320849;0;0;0;0;0
01/03/2020;29.47157467;0;1.597500232;8.791389127;0;0;1.796607825;3.119720307;28.01767846;0;25.48290097;0.172568167;0;0;1.991619541;1.554450514;0;1.551609973;0;3.504732588;0.583605177;0.223563164;0.202519915;1.155330086;0.75384366;0.69058365;11.64383453;1.386239494;0;0.530300712;0;0;0;0;0;0;0;0;1.041285946;0.280138699;27.62146835;0;0;0;0;0.635893754;0;0;0;0;0;0.367337928;1.705126609;0;0.337468105;0.479990631;0;1.058828346;0;18.11859888;0;72.87028261;0.207372808;0.340077177;0;0;0;0.155943871;0;0;0;0;0.671588193;0;0;2.123270621;0;0.092183656;0;0;0;10.53723261;0.896002005;0;0;0;0;0.280200356;0;0;0;1.465105938;0;0;0;0;0;0;0;0;55.53441229;1.174944082;0;0.295882003;0;0.009409134;0;0.105827687;0.752036703;0;0.013704782;0;0;0.601719387;0;0.022804474;0;0.027376989;0;0;0;0;0;0;2.024092056;0;0.472372511;0;0;0;0;1.679488512;0;0;0.038779906;0;0.018108369;0;0;0;0.019543769;0;0;0;0;0;0;0;0;0;0;0;0.046700059;0.025688222;0;0.059812315;0;0;0;0;0;0;0;0;0;0;0.164374703;0;0.002173906;0;0;0;0;0;0;0;0;0;0;0;0.004851082;0;0;0;0;0;0;0;0;0;0;0;0.034320849;0;0;0;0;0
02/03/2020;235.7725973;12.94247072;1.597500232;17.58277825;0;0;2.566582607;4.852898255;33.67414011;0;25.48290097;0.690272669;0;0;2.92614871;1.998579232;0;1.897738352;0.196141716;4.611490247;1.050489318;0.296070136;0.202519915;1.155330086;0.75384366;0.69058365;17.87054768;1.4852566;0;0.589223014;0;0;0;0;0;0;0;0;1.041285946;0.280138699;28.79684998;0;0;0;0;0.715380474;0;0;0;0;0;0.367337928;1.705126609;0.530167034;0.337468105;0.479990631;0;1.17647594;0;18.46045923;0;84.55371389;0.207372808;0.340077177;0;0;0;0.155943871;0;0;0;0;0.671588193;0;0;2.123270621;0;0.092183656;0;0;0;13.11300058;0.896002005;0;0;0;0;0.280200356;0;0;0;1.90463772;0;0;0;0;0;0;0.028724183;0;55.67614552;1.174944082;0;0.295882003;0;0.009409134;0;0.105827687;0.752036703;0;0.020557173;0;0;0.616046039;0;0.068413422;0;0.027376989;0;0;0;0;0;0.027092518;2.166411029;0;0.646404488;0;0;0;0;1.721475725;0;0;0.038779906;0.059723146;0.018108369;0;0;0;0.019543769;0;0;0;0;0;0;0;0;0;0;0;0.046700059;0.025688222;0.007311983;0.059812315;0;0;0;0;0;0;0;0;0;0;0.164374703;0;0.003623177;0;0;0;0;0;0;0;0;0;0;0;0.004851082;0;0;0;0;0;0;0;0;0;0;0;0.034320849;0;0;0;0;0
03/03/2020;294.7157467;12.94247072;1.597500232;32.23509347;0;0;3.529051084;6.470531006;41.38148259;0;25.48290097;1.121693087;0;0;3.125310664;2.331675771;0;2.339350421;0.196141716;5.902707517;1.400652424;0.356492613;0.40503983;1.386396104;1.507687321;1.035875475;27.81185835;2.07935924;0;0.751259343;0;0;0;0;0;0;0;0;2.429667208;0.466897831;28.79684998;0;0;0;0;0.794867193;0;0;0;0;0;0.367337928;2.192305641;0.530167034;0.337468105;0.479990631;0;1.529418722;0;18.80231959;0;101.1523784;0.207372808;0.396756707;0;0;0;0.155943871;0;0;0;0;0.671588193;0;0;2.72991937;0;0.092183656;0;0;0;13.11300058;1.112278351;0;0;0;0;0.280200356;0;0;0;1.90463772;0;0;0;0;0;0;0.028724183;0;55.76299186;2.349888165;0;0.295882003;0;0.009409134;0;0.105827687;0.752036703;0;0.020557173;0.022125962;0;0.616046039;0;0.114022371;0;0.027376989;0;0;0;0;0;0.027092518;2.316636611;0;0.795574755;0;0;0;0;1.763462937;0;0;0.038779906;0.119446292;0.022635461;0;0;0;0.019543769;0;0;0;0;0;0;0;0;0;0;0;0.046700059;0.025688222;0.007311983;0.059812315;0;0;0;0;0;0;0;0;0;0;0.164374703;0;0.003623177;0;0;0;0;0;0;0;0;0;0;0;0.004851082;0;0;0;0;0;0;0;0;0;0;0;0.034320849;0;0;0;0;0
04/03/2020;471.5451947;12.94247072;1.597500232;76.1920391;20.4653828;29.68151732;4.748177823;10.39906769;51.09008782;26.2274444;25.48290097;1.984533923;0;0;4.366242839;3.219933207;0;3.127090869;0.49035429;10.32973815;2.217699671;0.450147452;1.215119489;1.73299513;1.507687321;1.726459126;34.78863446;3.465598734;0;1.252098904;303.7359522;0;0;0;0;0;0;0;2.776762524;0.747036529;30.55992242;0;0;0;0;0.874353912;0;0;0;0;0;0.367337928;2.435895156;0.530167034;0.337468105;0.479990631;0.052311649;2.039224963;0;18.80231959;0;109.6370071;0.622118425;0.566795295;0;0;0;0.207925161;0;0;0;0;0.863470534;0;0;2.72991937;0;0.092183656;0;0;0;13.11300058;1.544831043;0;0;0;0.026422445;0.280200356;0;0;0;1.90463772;0;0;0;0.207031815;0;0;0.028724183;0;55.8498382;2.937360206;0;0.295882003;0;0.018818268;0.084612255;0.634966124;0.752036703;0;0.020557173;0.022125962;0.098009102;0.616046039;0;0.27365369;0;0.027376989;0.02286563;0;0;0;0;0.027092518;2.617087776;0;0.870159888;0;0;0;0;1.763462937;0;0;0.038779906;0.238892585;0.022635461;0;0;0;0.019543769;0;0;0;0;0;0;0;0;0;0;0;0.046700059;0.025688222;0.007311983;0.059812315;0;0;0;0;0;0;0;0;0;0;0.164374703;0;0.020289791;0;0;0;0;0;0;0;0;0;0;0;0.004851082;0;0;0;0;0;0;0;0;0;0;0;0.034320849;0;0;0;0;0
05/03/2020;618.903068;12.94247072;1.597500232;99.63574344;20.4653828;29.68151732;5.539540793;13.17215241;63.80885685;26.2274444;25.48290097;4.314204181;0;0;5.775696668;4.552319362;0;5.752892362;0.784566864;16.04798606;4.785562448;0.655583873;1.215119489;2.310660173;2.261530981;1.726459126;41.82493938;9.307608029;0;1.694016165;303.7359522;0;0;0;0;0;0;0.962029652;2.776762524;1.120554794;32.32299487;0;0;0;0;0.980336204;0;0;0;0;0;0.367337928;2.435895156;0.530167034;0.337468105;0.479990631;0.209246597;2.156872557;0;19.99883084;0;118.7457924;0.622118425;0.736833884;0;0;0.609603882;0.311887742;0;0;0;0;2.974176283;0;0;2.93213562;0;0.092183656;0;0;0;13.58132203;1.544831043;0;0;0;0.026422445;0.560400713;0;0;0;2.344169501;0;0;0;0.207031815;0;0;0.143620915;0;55.95474857;3.13318422;0;0.591764006;0;0.018818268;0.084612255;0.634966124;1.002715605;0;0.027409564;0.022125962;0.098009102;0.673352648;0;0.27365369;0;0.027376989;0.02286563;0;0.016860936;0;0;0.054185035;2.846379454;0;0.870159888;0;0;0;0;1.847437363;0;0;0.038779906;0.238892585;0.022635461;0;0;0;0.029315654;0;0;0;0;0;0;0;0;0;0;0;0.046700059;0.025688222;0.007311983;0.059812315;0;0;0;0;0;0;0;0;0;0;0.164374703;0;0.021739061;0;0;0;0;0;0;0;0;0;0;0;0.004851082;0;0;0;0;0;0;0;0;0;0;0;0.034320849;0;0;0;0;0
06/03/2020;618.903068;12.94247072;3.195000463;126.0099108;20.4653828;29.68151732;8.555275356;24.72667206;76.67648013;26.2274444;25.48290097;9.404965114;0;0;10.00405815;6.106769876;0;7.996759093;1.274921153;19.92163787;7.470146261;0.791534446;3.645358466;4.27472132;7.538436604;3.970855989;56.5166488;10.00072778;0;2.401083781;303.7359522;0;0;0;0;0;0;3.367103781;2.776762524;1.680832191;35.26144895;0;0;0;0;1.298283082;0;0;0;0;0;0.367337928;2.679484672;0.530167034;0.337468105;1.439971892;0.209246597;2.35295188;0;22.22092315;0;128.5957637;0.829491234;0.736833884;0;0;0.609603882;0.467831612;0;0.114450903;0;0;4.317352668;0;0;2.93213562;0;0.184367311;0;0;0;13.58132203;2.564419532;0;0;0;0.132112225;0.700500891;0.183162193;0.196304836;0;3.223233064;0;0;0;0.207031815;0;0;0.143620915;0;56.06104849;3.13318422;0.030328898;0.591764006;0;0.06115937;0.084612255;0.634966124;1.002715605;0;0.089081084;0.044251925;0.098009102;0.6876793;0;0.387676061;0;0.045628316;0.02286563;0.019652971;0.016860936;0;0;0.054185035;3.32077603;0;0.994468443;0.037670653;0;0;0;1.889424576;0;0;0.046535887;0.238892585;0.027162553;0;0;0;0.146578271;0;0;0;0;1.248439451;0;0;0;0;0;0;0.046700059;0.025688222;0.014623966;0.059812315;0;1.295994857;0;0;0;0.120791562;0;0;0;0;0.164374703;0;0.022463697;0;0;0;0;0;0;0;0;0;0;0;0.004851082;0;0;0;0;0;0;0;0;0;0;0;0.034320849;0;0;0;0;0
07/03/2020;677.8462173;12.94247072;3.195000463;146.5231521;20.4653828;29.68151732;10.6940942;30.96611267;97.30106398;26.2274444;25.48290097;14.58201013;0;0;14.53882265;8.771542186;0;9.536433604;1.961417159;27.11556265;10.97177732;1.214491784;3.645358466;4.967919372;7.538436604;3.970855989;69.32724793;15.94175418;0;3.034498521;303.7359522;0;0;0;0;0;6.79435525;3.367103781;2.776762524;1.774211757;49.95371935;0;5.329567106;0;0;1.430760947;0;0;0;0;0;0.367337928;2.923074187;0.530167034;0.337468105;1.439971892;0.209246597;2.470599474;16.740212;23.58836458;0;137.3339561;1.036864042;0.736833884;0;0;0.914405824;0.467831612;0;0.114450903;0;0;4.413293839;0;0;4.549865617;0;0.184367311;0;0;0;14.2838042;2.87338574;0;0;0;0.132112225;0.700500891;0.183162193;0.196304836;0;3.223233064;0;0;0;0.41406363;0;0;0.143620915;0;56.11663015;3.13318422;0.030328898;0.887646009;0;0.06115937;0.084612255;0.634966124;1.002715605;0;0.089081084;0.1770077;0.098009102;0.716332604;0;0.387676061;0;0.054753979;0.02286563;0.019652971;0.016860936;0;0;0.054185035;3.644947023;0;1.342532398;0.037670653;0;0;0;1.889424576;0;0;0.046535887;0.238892585;0.027162553;0;0;0;0.146578271;0;0;0;0;1.248439451;0;0;0;0;0;0;0.046700059;0.025688222;0.014623966;0.059812315;0;1.295994857;0;0;0;0.120791562;0;0;0;0;0.184921541;0;0.024637603;0;0;0;0;0;0;0;0;0;0;0;0.004851082;0;0;0;0;0;0;0;0;0;0;0;0.034320849;0;0;0;0;0
08/03/2020;1060.976688;12.94247072;4.792500695;146.5231521;40.93076561;29.68151732;14.39425079;38.93873124;121.9777914;26.2274444;25.48290097;17.25681672;0;0;17.25048925;11.54734668;0;12.41287979;2.942125739;32.46489134;15.46553718;1.564942149;3.847878381;7.047513527;7.538436604;6.042606939;78.17322856;20.10047266;0;4.02144707;303.7359522;0;0;0;0;0;6.79435525;7.696237213;5.206429732;2.894766552;49.95371935;0;5.329567106;0;0;1.695716678;0;0;0;0;0;0.367337928;2.923074187;1.060334069;0.337468105;1.439971892;0.418493193;2.980405715;16.740212;25.63952671;0;142.658792;1.036864042;0.793513413;0;0;0.914405824;0.779719354;0.247895184;0.114450903;0;0;7.00370544;0;0;4.549865617;0;0.460918278;0;0;0;14.98628638;3.058765466;0;0;0;0.290646896;1.074101366;0.549486578;0.981524181;0;4.688339002;0;0.575668369;0;0.724611352;0;0;0.315966013;0;56.15345299;3.13318422;0.181973389;0.887646009;0;0.094091338;0.169224509;0.634966124;3.258825715;7.39995264;0.116490648;0.26551155;0.098009102;0.716332604;0;0.433285009;0;0.091256631;0.02286563;0.019652971;0.050582807;0;0;0.054185035;3.969118016;0;1.491702665;0.075341306;0;0;0;1.889424576;0.140202548;0;0.054291868;0.238892585;0.027162553;0;0;0;0.478822352;0;0;0;0;1.248439451;0;0;0;0;0;0;0.046700059;0.102752889;0.021935949;0.11962463;0;1.295994857;0;0;0;0.120791562;0;0;0;0;0.308202568;0;0.02826078;0;0;0;0;0;0;0;0;0;0;0;0.004851082;0;0;0;0;0;0;0;0.018216111;0;0;0;0.034320849;0;0;0;0;0
09/03/2020;1060.976688;12.94247072;4.792500695;169.9668565;40.93076561;29.68151732;22.94952614;43.21390351;151.6990241;26.2274444;25.48290097;20.62189598;0;0;18.52206173;14.54521552;0;14.03610253;2.942125739;37.81422003;18.73372617;1.761315199;4.252918211;7.047513527;7.538436604;15.53813213;85.25715653;24.55624246;51.72502974;4.728514686;101.2453174;0;0;0;0;0;6.79435525;7.696237213;6.247715679;2.894766552;55.83062751;0;5.329567106;0;1.656508131;2.040159128;0;0;2.285824005;0;0;0.367337928;2.923074187;3.181002207;0.337468105;1.439971892;0.418493193;3.568643685;16.740212;25.63952671;0;145.8575946;1.036864042;0.850192943;0;0;0.914405824;0.779719354;0.247895184;0.114450903;0;0;7.00370544;0;0;4.549865617;0;0.460918278;0;0.694976053;0;14.98628638;3.614904641;0;0;0;0.422759121;1.401001782;0.549486578;1.766743527;0;4.688339002;0;0.575668369;0;0.931643167;0;0;0.430862744;0;56.17915951;3.13318422;0.212302287;0.887646009;0;0.117614173;0.169224509;0.634966124;3.760183517;7.39995264;0.116490648;0.26551155;0.098009102;0.716332604;0;0.456089483;0;0.182513262;0.02286563;0.019652971;0.050582807;0;0;0.054185035;4.040277503;0;1.491702665;0.075341306;0;0;0;1.889424576;0.140202548;0;0.054291868;0.238892585;0.027162553;0;0;0;0.53745366;0;0;0;0;1.248439451;0;0;0;0;0;0;0.046700059;0.102752889;0.069463838;0.11962463;0;1.295994857;0;0;0;0.120791562;0;0;0;0;0.308202568;0;0.031159321;0;0;0;0;0;0;0;0;0;0;0;0.009702164;0;0;0;0;0;0;0;0.018216111;0;0;0;0.034320849;0;0;0;0;0
10/03/2020;1503.050308;12.94247072;7.987501158;202.2019499;40.93076561;29.68151732;36.25297932;56.7326915;167.8579803;26.2274444;25.48290097;23.03785033;5.751655039;0;27.33114816;20.20785668;0;17.38996716;4.020905176;73.78384396;22.29371775;2.897257762;6.885677103;8.664975649;9.046123924;45.23322909;95.74613221;35.15107288;51.72502974;5.627079782;101.2453174;0;0;0;0;0;11.32392542;14.9114596;8.330287572;3.828562213;64.64598974;0.231762225;5.329567106;0;2.484762196;2.093150274;0;0;2.285824005;0;0;0.367337928;3.410253219;4.241336275;0.337468105;3.359934414;0.680051439;4.19609752;16.740212;27.3488285;0;146.5402659;1.036864042;0.850192943;0;0;1.524009706;1.299532257;0.743685552;0.572254515;0;0;8.538764166;0;0;7.482001237;0;0.460918278;0;3.474880264;0;16.15709;3.985664092;0;0;0;0.581293791;1.868002376;1.282135349;1.766743527;0;6.006934346;0;0.575668369;0;0.931643167;0;0;0.574483659;0;56.19791832;3.524832247;0.333617879;1.084900678;0;0.145841574;0.423061273;0.952449186;3.760183517;11.09992896;0.137047821;0.376141362;0.098009102;0.75931256;0;0.456089483;0;0.301146882;0.02286563;0.058958914;0.118026549;0;0;0.081277553;4.593740174;0;1.765181487;0.075341306;0;0;0.047839398;1.973399001;0.140202548;0;0.054291868;0.238892585;0.072433476;0;0;0;0.576541199;0;0;0;0;1.248439451;0;0;0;0;0;0;0.046700059;0.128441111;0.098711769;0.11962463;0;1.295994857;0;0;0;0.120791562;0.305037077;0;0;0;0.318475987;0;0.040579581;0;0;0;0;0;0;0;0;0;0;0;0.009702164;0;0;0;0;0;0;0;0.018216111;0;0;0;0.034320849;0;0;0;0;0
11/03/2020;1827.237629;12.94247072;11.18250162;249.0893586;40.93076561;29.68151732;48.70090496;75.33546815;206.1135236;26.2274444;25.48290097;27.09320226;11.50331008;0;34.94526286;27.31391617;0;22.77286022;5.78618062;110.3068467;29.35534038;3.870059639;8.708356336;9.127107683;12.06149857;76.30949335;107.1518515;49.50855335;51.72502974;6.717142358;101.2453174;0;0;0;0;0;13.5887105;27.41784507;90.93897266;8.497540522;114.5997091;1.854097799;7.994350659;1.116929071;4.969524392;2.861521894;0;0;25.14406406;0;0.011856901;1.102013783;4.628200797;5.301670344;0.337468105;3.359934414;1.203167931;5.019630678;16.740212;30.4255717;0;151.2604501;1.036864042;0.963552002;0;0;2.133613589;2.339158062;0.743685552;1.373410835;0;0;9.498175871;0;0;7.482001237;0;0.460918278;0;4.169856317;0;16.85957217;4.603596509;0;0;0;0.819095797;2.755303504;1.831621927;2.551962872;0;8.937146223;0;1.007419646;0;1.345706797;0;0;0.603207842;0;56.22154052;3.524832247;0.333617879;1.084900678;0;0.178773543;0.592285782;0.952449186;6.016293627;14.79990528;0.137047821;0.420393287;0.098009102;0.845272473;0;0.456089483;0;0.447157492;0.02286563;0.176876742;0.219192162;0.201926235;0;0.135462588;5.052323531;0;1.765181487;0.075341306;0.337704695;0;0.095678796;2.015386214;0.701012739;0;0.062047849;0.238892585;0.086014753;0;0.171335252;0;0.586313084;0;0;0.037909986;0;1.248439451;0;0;0;0;0;0;0.093400119;0.179817555;0.12430371;0.179436945;0;1.295994857;0;0;0;0.120791562;0.305037077;0;0;0;0.390389919;0;0.044927393;0;0;0;0;0;0;0;0;0;0;0;0.009702164;0;0;0;0;0;0;0;0.018216111;0;0;0;0.034320849;0;0;0;0;0
12/03/2020;2033.538652;12.94247072;30.3525044;301.8376934;40.93076561;29.68151732;48.70090496;75.33546815;206.1135236;26.2274444;50.96580195;27.09320226;11.50331008;0;34.94526286;33.53171823;0;24.80188865;5.78618062;129.4906461;29.35534038;5.024128946;8.708356336;11.55330086;12.06149857;106.1772362;119.9505449;59.31124691;51.72502974;6.717142358;101.2453174;0;0;0;0;0;13.5887105;42.8103195;90.93897266;8.777679221;114.5997091;2.549384474;7.994350659;1.116929071;4.969524392;3.099982052;0;0;25.14406406;0;0.011856901;1.102013783;4.628200797;5.301670344;1.34987242;3.359934414;1.203167931;5.019630678;16.740212;30.4255717;0;153.484008;1.036864042;0.963552002;0;0;3.352821353;2.547083223;0.743685552;2.174567155;0;0;9.498175871;0;0;8.59419061;0;0.460918278;0;7.992224608;0;18.73285797;4.603596509;0;0;0;1.294699808;2.755303504;2.930595083;4.318706398;0;8.937146223;0;1.007419646;0;1.345706797;0;0;1.292588233;0;56.229183;3.524832247;0.454933471;1.084900678;0;0.244637479;0.592285782;1.269932248;6.016293627;14.79990528;0.191866949;0.420393287;0.098009102;1.002865646;1.271371759;0.54730738;0;0.474534481;0.02286563;0.176876742;0.286635904;0.201926235;0.264862868;0.162555106;5.052323531;0;1.765181487;0.075341306;0.675409391;0;0.095678796;2.057373427;0.701012739;0;0.093071774;0.238892585;0.090541845;0;0.171335252;0;0.654716277;0;0;0.037909986;0;1.248439451;0;0;0;0;0;0;0.093400119;0.179817555;0.12430371;0.179436945;0;1.295994857;0;0;0;0.120791562;0.305037077;0;0;0;0.400663338;0;0.052898383;0;0;0;0;0;0;0;0;0;0;0;0.009702164;0;0;0;0;0;0;0;0.018216111;0;0;0;0.034320849;0;0;0;0;0
13/03/2020;2357.725973;12.94247072;54.31500788;392.6820477;61.39614841;29.68151732;111.9030017;131.6059789;292.0851249;26.2274444;50.96580195;48.23280274;11.50331008;0;56.0870703;55.9602185;0;43.8628204;10.98393609;183.7217715;46.9218562;6.583028847;18.22679233;14.55715909;59.55364917;138.289376;135.2970712;80.59992485;51.72502974;11.75499913;101.2453174;18.73255531;0;0;15.21560512;0;27.177421;67.82309044;111.070501;13.16651883;114.5997091;6.257580073;7.994350659;5.584645353;11.59555691;5.113645607;2.49922524;0;84.57548819;0;0.059284507;2.204027567;7.7948645;9.012839585;2.69974484;6.719868828;2.249400914;7.843172934;16.740212;34.18603562;0;155.6295463;1.036864042;0.963552002;0;0;3.962425236;4.626334834;1.487371104;4.005781602;0;0;18.22882238;0;10.21147975;8.59419061;10.67965312;0.460918278;0;11.46710487;0;18.73285797;6.08663431;0;0;0;1.796726264;7.238509205;5.861190166;4.515011235;0;11.28131572;0;3.310093122;0;1.966802241;0;0;2.470279734;0;56.23821502;3.720656261;0.849209147;1.479410015;0;0.710389604;1.353796074;2.857347558;6.266972528;16.64989344;0.308357597;0.685904837;0.098009102;1.074498906;1.271371759;0.592916328;0.213029899;0.584042438;0.068596889;0.255488628;0.404662453;0.201926235;0.353150491;0.189647624;5.542533326;0;2.511032819;0.075341306;2.701637564;0;0.095678796;2.09936064;0.841215287;0;0.093071774;0.597231462;0.126758583;0;0.257002879;0;0.781750779;0;0;0.037909986;0;1.248439451;0;0.076145253;0;0;0;0;0.280200356;0.179817555;0.252263411;0.299061575;0;1.295994857;0;0;0;0.120791562;0.305037077;0;0;0;0.48285069;0.018597283;0.059420101;0;0;0;0;0;0;0;0;0;0;0;0.009702164;0;0;0;0;0;0;0;0.018216111;0;0.008698406;0;0.034320849;0;0;0.022805402;0;0
14/03/2020;2357.725973;12.94247072;81.47251181;457.1522346;184.1884452;29.68151732;136.691912;157.0259221;349.9232722;104.9097776;50.96580195;59.44973361;11.50331008;0;68.46575175;72.72607762;0;54.72409021;16.573975;201.0609748;55.96773644;8.238604711;26.12506901;17.90761634;86.69202094;142.7781697;151.5484353;95.15543953;51.72502974;16.79285589;101.2453174;18.73255531;0;0;15.21560512;0;40.7661315;87.06368348;116.9711213;17.64873801;123.4150713;8.343440098;23.98305198;6.701574423;21.5346057;5.246123472;2.49922524;0;91.43296021;0;0.059284507;2.938703422;9.256401593;13.7843429;6.074425891;6.719868828;3.191010599;9.803966167;16.740212;36.23719776;0;157.7165699;1.24423685;1.587026827;0;0;5.486434942;6.393698703;2.974742208;5.264741534;0;0;21.87458685;0;10.21147975;8.59419061;10.67965312;1.014020212;0;13.204545;1.151499973;24.35271536;7.353395766;0;20.33615667;0;2.721511842;10.50751336;8.059136478;5.103925743;5.445822237;13.62548522;1.429094069;5.900600782;0;3.105477223;6.094105172;9.013881377;2.958590844;0;56.26044768;3.720656261;1.152498128;1.479410015;0;0.710389604;1.523020583;2.857347558;7.520367034;18.4998816;0.404291071;0.752282724;0.098009102;1.174785471;1.271371759;0.843765544;0.319544849;1.012948604;0.068596889;0.43236537;0.640715551;0.201926235;0.353150491;0.460572801;6.111809216;0;2.734788219;0.075341306;2.701637564;1.704646184;0.095678796;2.225322278;0.841215287;0;0.20165551;0.597231462;0.14033986;0;0.856676262;0;1.065135436;0;0.449289987;0.037909986;0;1.248439451;0;0.076145253;0;0;0.077206854;0.861947104;0.467000594;0.282570444;0.35097518;0.418686205;0.096547028;1.295994857;0;0.787121124;0.070333529;0.120791562;0.305037077;0.055817376;0;0;0.544491203;0.018597283;0.073912809;0;0;0;0;0;0;0;0;0;0.215069581;0;0.009702164;0;0;0;0;0;0;0;0.018216111;0;0.008698406;0;0.034320849;0;0;0.022805402;0;0
15/03/2020;2976.629041;12.94247072;94.25251367;501.1091803;225.1192109;29.68151732;166.7850931;254.1994324;409.2995802;104.9097776;50.96580195;76.44769808;17.25496512;0;68.92535626;95.48767443;0;69.16599842;24.0273602;225.2251837;66.23918755;10.57091232;26.12506901;24.60853084;128.9072659;149.1660684;165.9425007;101.195483;51.72502974;16.79285589;101.2453174;18.73255531;0;0;15.21560512;3.665487601;47.56048675;105.3422469;139.1852215;23.62503024;125.7658346;9.965775672;23.98305198;7.818503494;21.5346057;6.676884419;7.497675721;0;114.2912003;0;0.071141408;4.408055133;11.93588627;15.90501103;8.774170731;6.719868828;3.871062038;11.64711181;23.4362968;38.63022025;0;159.1989418;1.658982467;1.587026827;0;0;7.315246589;6.809549025;5.701589231;5.49364334;0;0;31.75652741;0;10.21147975;9.908596233;10.67965312;1.014020212;0;14.59449711;1.151499973;26.22600116;13.22375373;0;20.33615667;0;3.144270963;11.39481449;9.890758405;5.30023058;10.89164447;16.11616532;1.429094069;7.339771704;0;3.312509038;6.094105172;9.013881377;2.958590844;0;56.27851172;4.308128302;1.304142618;2.26842869;0;0.76213984;1.523020583;2.857347558;8.272403737;24.04984608;0.431700636;0.995668312;0.784072815;1.633238337;5.085487037;1.09461476;0.479317273;1.277592834;0.068596889;0.668201027;0.859907713;0.302889352;0.353150491;0.758590496;6.63364545;0;2.883958486;0.075341306;3.377046955;1.704646184;0.143518194;2.477245555;0.841215287;0;0.317995227;1.433355509;0.239935889;0;0.856676262;0.712765995;1.074907321;0;0.449289987;0.037909986;0;1.248439451;0;0.076145253;0;0.029878214;0.077206854;0.861947104;0.840601069;0.411011554;0.427751001;0.418686205;0.193094055;1.295994857;0;0.787121124;0.351667643;0.120791562;0.305037077;0.055817376;0;0;0.57531146;0.055791848;0.081883798;0;0;0;0;0;0.207049326;0;0;0;0.215069581;0;0.009702164;0;0;0;0;0;0;0;0.030360184;0;0.008698406;0;0.034320849;0;0;0.022805402;0;0
16/03/2020;3212.401639;25.88494144;123.0075178;527.4833476;368.3768905;29.68151732;212.641369;254.1994324;462.7713361;104.9097776;178.3803068;91.28856046;34.50993023;0;101.618557;113.0307588;0;86.79467481;32.46145398;245.88466;82.46341146;13.99384563;34.2258656;25.18619589;154.5379504;157.7983641;178.4792673;109.2158687;51.72502974;22.72927776;303.7359522;18.73255531;0;0;15.21560512;3.665487601;67.9435525;121.6967509;152.3748435;27.82711072;125.7658346;12.74692237;39.97175329;10.05236163;27.33238415;10.99566283;14.99535144;0;123.4344963;0;0.213424225;6.244744772;13.88460239;18.02567917;17.54834146;8.63983135;8.10830562;14.78438098;36.8284664;41.53603328;0;160.6423039;1.658982467;2.097142592;0;0;7.620048531;8.213043863;5.701589231;6.29479966;0;0;31.75652741;0;10.21147975;9.908596233;10.67965312;1.014020212;0;17.72188935;2.302999945;28.80176913;17.48748741;0;30.504235;0;4.676772776;12.93591645;11.53921814;6.87066927;10.89164447;16.11616532;2.858188137;7.483688797;0;4.03712039;6.094105172;9.013881377;3.389453589;0;56.29935484;4.308128302;2.608285236;2.761565362;0;0.940913382;1.692245092;3.809796744;8.272403737;24.04984608;0.616715194;1.239053899;1.666154732;2.106017856;5.085487037;1.231441605;0.532574748;1.29584416;0.160059407;1.061260454;1.045378004;0.605778705;0.353150491;0.785683013;6.63364545;0;3.082852174;0.150682613;3.377046955;1.704646184;0.717590972;2.813143257;1.121620383;0;0.411067;1.433355509;0.615684546;0;0.942343889;0.712765995;1.46578271;0;0.449289987;0.037909986;0;1.248439451;0;0.076145253;0;0.179269282;0.386034268;0.861947104;1.307601663;0.539452665;0.489902855;0.418686205;0.193094055;1.295994857;0;0.787121124;0.597834993;0.120791562;0.305037077;0.111634753;0;0;0.626678555;0.055791848;0.08623161;0;0;0;0;0;0.207049326;0;0;0;0.215069581;0;0.009702164;0;0;0;0;0;0;0;0.048576295;0;0.043492032;0;0.034320849;0;0;0.022805402;0;0
17/03/2020;3212.401639;504.756358;223.6500324;644.7018693;961.8729918;89.04455196;251.2684372;311.9720307;521.0891249;183.5921108;178.3803068;107.2511159;34.50993023;0;117.2297902;147.8948632;0;110.4865656;43.93574437;269.8644093;99.50468261;19.39863618;45.161941;28.88325216;169.6148236;168.6750566;192.5042541;117.830357;51.72502974;28.72462193;303.7359522;28.09883296;0;0;15.21560512;3.665487601;86.06183316;132.2790771;152.3748435;36.97830821;133.993506;15.99159352;42.63653685;10.05236163;38.099687;12.66488394;44.98605432;0;128.0061443;0;0.557274365;9.183448194;15.83331851;25.97818469;26.32251219;12.4797564;10.51464148;17.72557083;36.8284664;45.46742737;0;162.280715;2.488473701;3.287412712;0;0;7.924850472;9.56455741;7.436855519;7.439308689;0;0;37.12923295;0;10.21147975;9.908596233;10.67965312;1.935856769;0;19.11184145;8.348374802;30.4408942;20.79342584;0;40.67231334;0;6.288541925;14.99071906;13.18767787;8.048498288;10.89164447;17.58127126;3.572735172;9.64244518;0;5.175795372;18.28231552;9.013881377;4.911835285;0;56.31672411;4.69977633;3.548481077;2.761565362;0;1.510165979;2.030694111;3.809796744;8.523082639;24.04984608;0.781172579;1.504565449;3.332309465;2.535817418;8.899602315;1.36826845;1.757496669;1.706499;0.320118813;1.277443139;1.045378004;0.80770494;0.441438114;1.029515672;6.942003224;0;3.828703507;0.376706532;4.052456346;1.704646184;0.717590972;3.233015385;1.26182293;0;0.635990453;1.552801801;1.06839377;0;0.942343889;0.712765995;1.915289407;0;0.449289987;0.18954993;0;1.248439451;0;0.076145253;0;0.298782137;0.540447976;0.861947104;2.054802613;0.565140887;0.628830531;1.973806393;0.225276398;1.295994857;0;0.787121124;1.160503222;0.120791562;1.525185386;0.334904258;0;0;0.678045649;0.055791848;0.102898224;0;0;0;0;0;0.207049326;0;0;0;0.215069581;0;0.014553245;0;0;0;0;0;0;0;0.060720368;0;0.043492032;0;0.034320849;0;0;0.022805402;0;0
18/03/2020;3507.117385;504.756358;324.292547;732.6157606;1186.992203;237.4521386;297.5097005;349.8708551;590.6702189;734.3684431;178.3803068;128.2181483;34.50993023;0;138.5401193;182.7589676;200.3205128;147.1284318;43.93574437;285.9123953;119.6974217;23.51340685;59.13581512;35.12203463;194.4916644;182.4867296;206.6959216;126.6428795;77.58754461;38.68249086;303.7359522;37.46511062;0;0;15.21560512;10.9964628;86.06183316;132.2790771;156.8870826;43.32811871;150.4488489;19.93155134;50.63088751;13.40314885;40.5844492;17.40759152;67.47908148;3.184378712;155.4360324;0;1.161976335;9.918124049;19.73075076;37.64185944;28.34732082;16.79967207;12.4501725;22.27461113;36.8284664;53.50114574;0;164.0946701;4.147456168;6.291427777;0;17.61493747;11.58247377;13.51513547;7.436855519;9.499424941;6.959547629;0;40.10340923;2.358920809;10.21147975;11.42521811;10.67965312;1.935856769;0;20.50179356;14.39374966;33.2508229;24.40833048;0;40.67231334;0;6.632033711;15.69121995;19.23203023;9.815241814;10.89164447;19.48590898;5.00182924;13.24037249;2.542950433;6.003922632;18.28231552;9.013881377;4.911835285;0;56.34729402;7.637136536;4.397690224;2.761565362;0;1.750098891;2.453755384;5.397212054;9.525798243;24.04984608;1.007301483;1.747951036;5.096473299;3.037250241;8.899602315;1.687531088;1.864011618;1.843383946;0.320118813;1.827726337;1.955868524;0.908668057;0.618013359;1.327533367;7.028975929;0.459826845;4.077320618;0.376706532;4.390161041;1.704646184;0.956787963;4.198721279;1.542228026;0;0.721306246;1.851417532;1.353600582;0;1.028011515;2.851063981;1.915289407;0;0.449289987;0.227459916;0;1.248439451;0;0.076145253;0;0.448173206;0.617654829;0.861947104;2.381703029;0.565140887;0.829910061;2.093431023;0.225276398;1.295994857;0;0.787121124;1.266003515;0.120791562;1.830222464;0.334904258;0;0;0.77050642;0.055791848;0.113043119;0.108790519;0;0.395438146;0;0;0.207049326;0.413792875;0;0.164972944;0.215069581;0;0.038808654;0;0;0;0;0;0;0.062919904;0.085008516;0.05022247;0.052190438;0;0.034320849;0;0;0.045610804;0;0
19/03/2020;3507.117385;685.950948;535.1625776;967.052804;1473.507562;296.8151732;384.1960281;470.8466759;678.6927011;734.3684431;178.3803068;154.8799301;63.26820543;0;166.5453541;223.5077775;200.3205128;182.8512676;76.9856235;322.0664789;143.5668734;41.31991076;112.8035925;49.33259469;201.2762573;198.7154454;219.1493479;142.4856165;103.4500595;39.61051711;303.7359522;37.46511062;32.11406917;0;45.64681537;10.9964628;120.0336094;137.5702402;159.6638451;64.80541893;163.3780468;25.26208252;61.29002172;15.63700699;55.49302237;21.19645847;82.47443293;4.776568068;171.4368004;0;2.276525065;13.2241654;25.57689914;45.59436496;38.80883208;23.03955027;12.4501725;26.70600384;36.8284664;58.97091144;0;167.059414;5.806438635;11.27922637;0;35.22987493;19.2025223;14.3988174;12.14686401;11.788443;17.39886907;0;40.10340923;2.358920809;10.21147975;14.15513748;21.35930625;3.134244292;0;22.23923369;22.74212446;34.65578725;27.80695878;0;61.00847001;0;9.379967998;18.68002376;22.5289497;13.5450337;10.89164447;23.00216323;6.430923309;13.52820667;7.628851298;7.556661243;18.28231552;9.013881377;7.87042613;7.005303014;56.38481164;9.39955266;7.096962154;4.339602711;1.012145749;2.921536052;3.29987793;5.397212054;10.02715605;24.04984608;1.363625817;2.146218361;6.762628032;3.896849366;8.899602315;1.983989252;2.343328891;1.980268893;0.365850073;2.00460308;2.529140333;1.21155741;0.97116385;1.706828615;7.305707265;0.459826845;4.773448528;0.489718492;5.065570432;1.704646184;1.578700139;4.534618982;1.542228026;1.115517405;0.915205774;1.851417532;2.05529988;0;1.028011515;4.276595972;2.501602491;0;0.449289987;0.341189875;0;1.248439451;0.154173357;0.076145253;0;0.687198915;0.617654829;0.861947104;2.802003563;0.565140887;1.137013343;2.213055653;0.354005768;1.295994857;0;1.180681686;1.477004101;0.120791562;1.830222464;0.502356386;0;0;0.873240609;0.13018098;0.140579263;0.108790519;0;0.395438146;0;0;0.207049326;0.413792875;0;0.164972944;0.430139163;0;0.038808654;0;0;0.150953559;0;0.060879598;0;0.062919904;0.103224626;0.100444941;0.052190438;0;0.034320849;0;0;0.045610804;0;0
20/03/2020;4243.906752;970.6853038;773.1901121;1198.559384;1637.230624;296.8151732;436.532925;611.6962705;777.6973193;734.3684431;280.3119107;194.7431767;80.52317054;11.76014018;193.2177358;265.1448448;200.3205128;236.8950365;100.0322751;353.0556933;174.7313899;57.70346534;138.3211018;61.11696157;213.3377559;216.6706203;233.8767746;162.2890379;103.4500595;58.6718816;303.7359522;46.83138827;32.11406917;23.32307118;45.64681537;21.99292561;144.9462453;164.0260556;163.1347983;77.78517863;167.4918825;31.75142482;85.27307369;31.27401398;55.49302237;24.98532543;112.4651358;22.29065098;178.2942724;0;4.256627596;17.99955846;31.179458;58.84854082;45.89566229;32.15937225;22.70325574;31.01974895;50.22063599;65.80811857;0;168.7563397;8.087539528;20.80138733;0;35.22987493;27.12737277;16.0102374;16.36108214;15.45087189;17.39886907;0;47.49087935;9.435683238;10.21147975;14.15513748;39.15872812;6.637223207;0;24.32416185;27.06024936;37.23155522;31.82351949;0;71.17654834;0;11.22953915;21.01502672;25.0932204;17.47113043;10.89164447;23.88122679;6.430923309;18.27747071;7.628851298;8.798852133;18.28231552;9.013881377;9.881118937;7.005303014;56.45012009;9.39955266;7.096962154;4.339602711;1.012145749;3.730721561;4.569061749;7.302110426;10.77919275;24.04984608;1.733654933;2.832123198;8.330773662;4.61318197;8.899602315;2.052402675;2.609616266;2.098902513;0.663103256;2.515580335;3.405908982;2.423114819;1.412601963;2.086123863;7.614065039;0.919653689;5.171235905;0.753413065;5.403275128;6.818584735;1.913575927;5.668273727;1.822633122;1.115517405;1.271980906;2.269479555;2.268073216;1.798603205;1.285014393;4.276595972;2.784987149;0;1.347869961;0.341189875;0;1.248439451;0.154173357;0.076145253;0;0.985981052;1.312516513;0.861947104;3.409104335;0.616517332;1.349060848;3.050428062;0.514917481;2.591989715;0.041310972;1.180681686;1.477004101;1.087124054;1.830222464;0.669808515;0;0.108338379;0.934881123;0.13018098;0.176811032;0.108790519;0;0.395438146;0.175399701;0;0.621147977;0.413792875;0;0.164972944;0.430139163;0;0.058212981;0;0;0.150953559;0.067281512;0.060879598;0;0.062919904;0.121440737;0.100444941;0.078285657;0;0.034320849;0.030426329;0;0.045610804;0;0.111769008
21/03/2020;4243.906752;1138.937423;1070.325155;1386.109019;1882.815218;296.8151732;542.7038922;759.7096673;886.145913;970.4154427;280.3119107;242.8896954;184.0529612;11.76014018;218.8023868;312.4445533;200.3205128;265.1224026;125.5306982;390.6854538;211.9070396;77.00542555;158.9781331;82.25950216;230.6761601;228.92848;245.37774;174.5671591;103.4500595;73.91802709;303.7359522;46.83138827;32.11406917;23.32307118;45.64681537;25.65841321;165.3293111;184.2286783;166.9528468;92.91266835;179.2456988;46.35244499;85.27307369;50.26180817;69.57334148;33.83484684;132.4589377;22.29065098;189.7233924;0;7.944123925;30.489048;50.17944022;65.74071227;53.99489681;40.7992036;28.0913556;42.00019106;60.26476319;73.84183694;0;171.6235591;10.78338604;28.67984194;0;35.22987493;28.34658053;19.07713353;19.83161472;19.5711044;20.87864289;0;50.84882032;11.00829711;10.21147975;15.4695431;53.39826562;10.32456943;0;26.40909001;31.66624925;41.21228754;36.55070248;0;71.17654834;0;14.16243055;24.42413106;32.6028703;22.96766585;10.89164447;27.39748104;35.01280468;23.45848604;10.17180173;10.66213847;18.28231552;9.013881377;11.25987972;14.01060603;56.48833248;10.18284871;9.644589595;5.22724872;1.012145749;4.803362817;5.076735277;8.042904238;12.28326616;24.04984608;2.096831659;3.495902073;8.330773662;5.888254005;8.899602315;3.169821909;2.822646165;2.801578572;1.074684588;3.851982388;4.046624533;2.423114819;1.854040077;2.600881699;7.961955861;2.145858608;5.320406172;1.017107637;5.403275128;6.818584735;3.061721483;6.424043558;2.523645861;1.115517405;1.57446417;2.806987871;3.304777341;5.395809614;1.627684898;4.276595972;2.872934111;0;1.797159948;0.530739805;0;1.248439451;0.462520071;0.152290506;0.281974419;1.28476319;1.312516513;0.861947104;3.595904573;0.616517332;1.645196156;3.170052692;0.611464509;2.591989715;0.041310972;1.180681686;2.461673502;1.932664986;3.050370773;0.948895396;0;0.108338379;0.965701379;0.13018098;0.239129675;0.108790519;0;0.59315722;0.175399701;0;0.621147977;0.413792875;0;0.164972944;0.430139163;0.021862221;0.106723799;0;0;0.301907117;0.201844536;0.060879598;0;0.062919904;0.151800921;0.100444941;0.078285657;0;0.034320849;0.060852658;0;0.045610804;0;0.111769008
22/03/2020;5157.525567;1462.499191;1274.805185;1664.503008;2353.519023;445.2227598;615.2954036;863.584799;978.1047632;970.4154427;586.1067224;293.4521684;184.0529612;58.8007009;245.3981677;397.7172672;200.3205128;296.8707297;156.9133727;439.9361696;245.3476163;100.5309169;183.4830428;102.0156466;245.7530333;240.841048;257.6168626;191.4990843;129.3125744;83.71385969;303.7359522;84.29649889;96.34220752;23.32307118;45.64681537;40.32036362;203.8306575;199.1401379;171.4650859;104.5851141;196.2887325;72.5415764;117.2504763;71.48346051;78.6841362;38.92199687;144.9550639;33.43597647;201.1525125;0;14.65513011;52.52932367;61.87173697;73.69321779;65.46881238;55.19892252;33.06096227;60.74537437;60.26476319;77.77323104;0;174.7833518;21.15202646;44.72014879;13.89159003;70.45974987;38.40504459;22.50789869;23.30214729;25.40810045;48.71683341;0;59.86729034;22.01659422;10.21147975;15.4695431;64.07791875;18.62109844;0;30.92643435;45.48424892;44.02221623;40.35098685;8.887071976;71.17654834;0;16.75183017;29.23423718;33.88500565;26.30484806;10.89164447;36.33462727;35.72735172;26.91249625;10.17180173;13.56058388;18.28231552;9.013881377;14.67805749;14.01060603;56.57865267;10.77032076;11.00939001;6.410776733;1.012145749;7.273260446;6.345919096;8.042904238;13.53666066;24.04984608;2.514827512;5.885506021;10.97701941;8.581664596;24.15606343;4.583699307;3.195448488;3.467751978;1.669190956;4.539836386;4.619896342;2.625041054;3.090066795;3.115639535;8.705177163;2.145858608;5.792778682;1.50682613;6.416389214;8.523230918;3.587954862;7.095838962;3.084456052;2.23103481;1.946751265;4.001450795;3.513023584;5.395809614;2.05602303;4.276595972;3.195406307;0;2.246449935;0.530739805;0;1.248439451;0.462520071;0.152290506;0.281974419;1.28476319;1.46693022;3.447788416;3.82940487;1.027528886;1.879179609;5.024234455;0.740193879;2.591989715;0.082621945;1.180681686;2.461673502;1.932664986;3.050370773;1.060530149;0;0.108338379;1.160896339;0.278959242;0.28695561;0.163185778;0;0.59315722;0.175399701;0;0.621147977;0.413792875;0;0.164972944;0.430139163;0.021862221;0.145532453;0.057140709;0.758469257;0.301907117;0.201844536;0.060879598;0;0.062919904;0.163944995;0.200889882;0.095682469;0.031994436;0.034320849;0.060852658;0;0.045610804;0;0.111769008
23/03/2020;5511.184463;1721.348605;1397.812703;1723.112269;2414.915171;445.2227598;751.4953873;1016.220004;1057.311766;1337.599664;586.1067224;322.961325;207.0595814;152.8818224;304.1969046;496.7579714;200.3205128;346.7967645;202.0259674;483.4686375;277.1540984;132.467217;227.8349041;123.7358523;265.3529684;250.3365732;274.4158917;202.5890003;206.900119;97.95832605;303.7359522;84.29649889;96.34220752;46.64614236;76.07802562;87.97170244;242.3320039;212.608553;173.8947531;115.4171438;221.5594376;79.9579676;141.2335283;79.30196401;96.07747157;55.32275662;154.9519649;42.98911261;208.0099845;0;18.12920221;65.75348907;76.73069742;95.4300662;79.30500469;65.27872576;39.02449027;65.96108437;66.96084799;87.00346065;0;174.7833518;21.15202646;55.60261846;27.78318006;70.45974987;41.45306401;29.9412232;27.02057505;28.49827482;59.15615485;0;66.67911343;28.30704971;30.63443924;20.01940872;64.07791875;22.58499564;0;36.13875475;46.63574889;44.25637696;46.90107047;8.887071976;71.17654834;0;19.79041135;32.69004157;34.06816784;31.01616413;16.33746671;39.11832855;36.44189875;28.92733554;10.17180173;17.28715654;24.37642069;9.013881377;16.14299082;28.02121206;56.62242322;12.92438491;11.97991475;7.101168073;1.012145749;9.051586738;7.530490661;8.572042674;15.29141297;24.04984608;3.001347276;6.659914708;12.44715594;10.32951615;25.42743519;5.245029058;3.301963438;4.216056352;1.669190956;5.443873069;6.778096094;3.028893524;3.531504908;3.874230031;8.918655622;2.452409838;6.613215148;2.109556581;6.416389214;8.523230918;4.736100418;8.187506495;3.084456052;3.346552215;2.450890039;4.718128549;3.961205717;5.395809614;2.313025908;6.414893958;3.576509812;2.514913437;2.246449935;0.947749652;0;1.248439451;0.462520071;0.304581013;0.281974419;1.374397831;2.779446733;3.447788416;4.529905761;1.027528886;2.116819054;5.2036714;0.86892325;2.591989715;0.123932917;1.574242248;2.707840852;2.174248109;3.050370773;1.116347525;0;0.433353516;1.263630528;0.297556525;0.361593054;0.163185778;0;0.59315722;0.526199103;0;0.621147977;0.82758575;0;0.412432361;0.430139163;0.196759988;0.19404327;0.057140709;0.758469257;0.301907117;0.201844536;0.060879598;0;0.062919904;0.200377216;0.200889882;0.095682469;0.031994436;0.068641699;0.091278987;0;0.045610804;0;0.111769008
24/03/2020;5511.184463;2122.565198;1755.652755;1898.940052;2496.776702;445.2227598;853.0678939;1141.239906;1144.126874;1337.599664;586.1067224;368.346753;207.0595814;270.4832242;341.7006326;586.5830047;200.3205128;393.7031275;231.6433665;528.1078631;324.4844782;162.3551952;269.1489668;143.0298647;278.1683107;274.6796469;295.3938431;226.3531059;206.900119;118.9788571;303.7359522;112.3953318;96.34220752;46.64614236;91.29363075;131.9575537;249.1263592;230.8871164;182.572136;130.1711153;230.3747998;79.9579676;151.8926625;104.9913326;102.7035041;73.92264893;154.9519649;74.83289973;237.7256965;0;22.19611939;76.7736269;93.05119496;104.4429058;84.02955816;71.03861333;48.23134053;80.15722738;77.00497519;95.37903938;0;176.2657237;32.1427853;61.32725094;27.78318006;88.07468733;50.59712224;41.27314447;30.986898;34.67862358;62.63592866;0;71.28428961;33.02489133;30.63443924;25.07481496;88.99710937;28.76130056;0;42.74102725;46.63574889;44.72469841;50.17611228;8.887071976;71.17654834;0;23.806623;36.98644704;37.36508731;34.74595602;16.33746671;46.59036883;40.72918096;31.37392611;12.71475216;19.35747469;36.56463103;9.013881377;22.03144833;35.02651507;56.6870369;16.44921715;12.61682161;8.580578088;3.036437247;10.57116185;9.645797026;8.572042674;17.54752308;24.04984608;3.391933565;8.562747482;15.09340169;11.84814127;6.356858796;6.02038118;3.834538186;5.037366031;2.217966065;7.428823178;9.340958298;3.028893524;4.23780589;4.605728008;9.432585246;6.437575824;7.856300702;2.486263114;7.091798605;11.93252329;5.453691391;9.027250751;3.785468791;4.462069619;2.846445077;5.136190572;4.400333665;5.395809614;2.484361161;6.414893958;3.928297662;2.514913437;2.695739922;2.767428983;0;4.993757803;0.770866786;0.304581013;0.281974419;1.493910686;3.088274147;3.447788416;4.763406058;1.900928439;2.50801014;5.442920659;1.705664157;2.591989715;0.123932917;2.754923935;2.954008202;2.415831232;3.050370773;1.172164901;0.145533038;0.61391748;1.376638136;0.464932071;0.388404563;0.163185778;0;0.59315722;0.613898953;0;0.621147977;1.241378625;0.274892929;0.494918833;0.430139163;0.196759988;0.213447597;0.057140709;0.758469257;0.301907117;0.201844536;0.182638795;0;0.062919904;0.236809437;0.200889882;0.104380876;0.095983307;0.068641699;0.091278987;0;0.068416206;0;0.111769008
25/03/2020;6130.087531;2433.184495;2129.467809;2159.751262;2701.43053;771.7194503;1059.036148;1259.096007;1230.296948;1337.599664;789.9699302;425.9845208;264.5761318;270.4832242;386.5733529;620.4478194;200.3205128;445.4672233;293.7222196;568.8734369;374.2076393;198.7234839;316.7411467;273.6976975;304.5528388;297.6415532;321.6579525;250.1172115;284.4876636;140.3676525;303.7359522;159.2267201;112.3992421;69.96921355;121.724841;131.9575537;292.1572757;253.975828;186.3901844;154.4498025;246.2424518;102.6706656;175.8757145;123.9791268;109.3295366;86.13710813;182.4434425;82.79384651;249.1548166;0;28.84784106;100.6505922;107.6665659;117.1669146;89.42904784;84.95834161;59.73990334;92.70630408;93.74518719;107.8569424;0;178.2162131;42.51142572;66.48508813;97.24113022;105.6896248;53.64514166;47.09504898;36.93638241;43.94914672;62.63592866;37.59469163;78.76770091;37.74273295;30.63443924;33.66900557;88.99710937;36.13599302;0;50.73325186;54.40837371;45.66134131;55.49033107;8.887071976;71.17654834;0;27.76998976;41.09605226;39.56303362;39.45727209;16.33746671;48.78802774;42.87282206;34.82793632;12.71475216;23.39459508;36.56463103;9.013881377;25.85176466;49.0371211;56.73567085;19.38657736;14.55787109;9.172342094;3.036437247;12.01546389;14.63792005;9.101181111;18.80091759;24.04984608;4.508873305;8.562747482;16.85756553;13.38109304;6.356858796;6.886951198;4.313855459;5.803921732;3.315516282;9.236896543;11.95440331;3.634672229;5.032394495;6.095816482;10.33393874;6.744127053;8.602152035;2.825298993;8.780322082;13.63716947;6.984552132;9.866995007;5.187494269;5.577587024;3.14117236;5.912591473;4.812299059;7.194412819;2.741364039;6.414893958;4.455979438;5.029826873;2.695739922;3.032798886;1.016259646;4.993757803;1.387560214;0.304581013;1.127897675;1.792692823;3.165481001;3.447788416;4.763406058;2.157810661;2.888233252;5.741982234;2.99295786;2.591989715;0.289176806;2.754923935;3.200175552;2.778205917;3.050370773;1.33961703;0.145533038;0.686143066;1.448552069;0.520723919;0.476085444;0.652743112;0.098761369;0.59315722;0.701598803;0;0.621147977;1.241378625;0.412339394;0.494918833;0.430139163;0.306071093;0.24740517;0.285703543;0.758469257;0.301907117;0.201844536;0.182638795;0;0.062919904;0.236809437;0.200889882;0.104380876;0.159972178;0.102962548;0.091278987;0;0.068416206;0;0.111769008
26/03/2020;6130.087531;2899.113441;2321.167837;2350.23136;2865.153593;1038.853106;1235.937854;1364.704316;1332.890608;1468.736886;840.9357321;537.9812613;379.6092326;294.0035045;446.6589824;767.1213286;1001.602564;524.4203;347.5631206;621.4444257;433.6770067;253.2789382;368.383725;311.1303923;405.5678893;324.0563779;350.1008162;281.208583;284.4876636;171.7290474;303.7359522;262.2557743;240.8555188;69.96921355;121.724841;131.9575537;303.4812012;270.3303321;190.5553282;179.7556649;269.1623937;129.3233215;175.8757145;150.7854245;120.9250935;106.9891242;182.4434425;109.8610656;260.5839366;0;43.02869511;109.8340404;120.5768102;129.3607564;97.86575046;96.47811675;68.3190138;110.1965797;93.74518719;116.7453116;0;180.244722;58.68650478;79.52137992;152.8074903;105.6896248;58.21717077;53.48874769;43.87744756;43.94914672;62.63592866;37.59469163;85.57952401;63.69086186;71.48035822;33.66900557;106.7965312;44.98562396;0;60.4629166;62.46887352;48.70543073;62.75103698;62.20950383;71.17654834;0;32.26180542;44.73865689;41.39465555;45.34641718;16.33746671;53.91589852;46.44555723;37.99411235;22.8865539;27.01765184;36.56463103;9.013881377;29.06887315;49.0371211;56.8197381;21.3448175;17.5907609;12.03253479;11.13360324;14.04313223;16.66861416;9.101181111;19.80363319;24.04984608;5.756008475;11.10723317;20.7779296;14.97135142;6.356858796;8.369242019;5.911579704;6.451843812;4.481663389;9.649608942;15.63008726;5.250082108;5.915270722;7.450442367;10.96646751;6.744127053;9.497173634;2.825298993;8.780322082;13.63716947;7.271588521;10.58077762;5.74830446;5.577587024;3.684091039;6.27093035;5.43703779;7.194412819;3.683707928;8.553191944;4.837082942;5.029826873;3.145029909;3.639358663;1.016259646;4.993757803;2.004253643;0.304581013;1.691846512;2.240866028;3.860342684;5.171682624;4.950206295;2.414692882;3.264800372;5.741982234;4.24806922;2.591989715;0.413109723;3.148484497;3.762843781;2.778205917;3.35540785;1.395434407;0.145533038;0.830594238;1.571833096;0.576515768;0.52680992;0.87032415;0.197522739;0.59315722;0.701598803;0;0.621147977;1.241378625;0.824678788;0.494918833;0.645208744;0.306071093;0.315320314;0.285703543;0.758469257;0.301907117;0.201844536;0.182638795;0;0.125839808;0.267169621;0.217630705;0.104380876;0.223961049;0.102962548;0.121705315;0;0.068416206;0;0.111769008
27/03/2020;6572.161151;3455.639682;2563.987872;2608.112108;2947.015124;1632.483453;1405.610353;1493.768301;1430.621695;1468.736886;1070.281841;628.4932651;506.1456434;341.0440652;505.0134349;850.173399;1001.602564;607.1688534;418.5664218;692.6458352;502.0755335;307.1183862;429.5447393;350.6426812;433.4601047;353.2335371;384.9370737;303.8835004;284.4876636;214.2267573;506.226587;309.0871626;272.969588;69.96921355;121.724841;183.2743801;314.8051266;304.0013699;195.0675673;212.8120313;273.8639202;156.2077396;215.8474678;161.9547152;134.1771586;123.9462909;182.4434425;130.5595272;262.8697606;0;67.56062407;131.5069781;142.7434562;148.4467696;111.0270066;105.1179481;84.22175515;123.2554627;93.74518719;125.1208904;0;182.0196674;76.31319349;90.40384958;152.8074903;176.1493747;72.23806007;67.15982703;49.33114161;52.30406263;83.51457155;37.59469163;92.67917062;73.91285203;71.48035822;40.94879055;106.7965312;53.55870393;0;64.63277292;68.51424837;52.68616304;66.76759769;62.20950383;71.17654834;0;36.70077619;48.61476182;49.27062983;51.62817194;16.33746671;57.28564218;47.16010427;42.16770803;25.42950433;31.05477223;48.75284138;9.013881377;31.71149798;52.53977261;56.89963674;25.6529458;19.25885029;16.27351017;11.13360324;16.07550514;19.2069818;9.94780261;20.80634879;29.59981056;7.099077119;13.0321919;23.03213895;16.27507676;6.356858796;9.327029933;7.988621221;7.32790747;7.088345155;10.59295157;19.7272946;6.865491988;7.063009817;9.346918605;11.60690288;8.889985661;11.38666368;3.428029445;8.780322082;13.63716947;8.61109167;11.21058582;7.290532486;5.577587024;4.537248964;7.107054396;6.215697656;8.993016024;5.2257252;8.553191944;5.237730216;5.029826873;3.145029909;3.828908593;1.016259646;4.993757803;2.004253643;0.609162025;1.691846512;2.629282807;4.169170099;7.757523936;4.950206295;2.825704437;3.824167065;5.921419179;4.408980933;3.887984572;0.413109723;3.148484497;3.762843781;3.01978904;3.35540785;1.562886535;0.145533038;0.938932617;1.674567285;0.576515768;0.642751581;1.196695706;0.543187532;0.59315722;0.701598803;0;0.621147977;1.241378625;0.824678788;0.494918833;0.645208744;0.502831081;0.339575723;0.285703543;0.758469257;0.301907117;0.33640756;0.182638795;0;0.188759712;0.291457768;0.217630705;0.139174501;0.223961049;0.137283398;0.121705315;0;0.068416206;0;0.111769008
28/03/2020;6601.632725;3986.280981;2925.022924;2822.03591;3172.134335;1662.16497;1566.363977;1626.414187;1529.427841;1468.736886;1070.281841;788.1188197;557.9105388;376.3244858;575.654648;918.3471572;1001.602564;688.6164416;507.0263357;740.6053337;569.7153734;367.0000818;489.0855942;418.1139583;486.2291609;379.9936535;421.5591954;341.3119668;284.4876636;251.7308021;506.226587;430.8487721;272.969588;69.96921355;121.724841;230.9257189;337.4529774;329.0141409;204.7862361;245.6816386;279.7408284;182.1651088;247.8248704;204.3980199;148.2574777;147.6068377;254.9209745;133.7439059;274.2988806;0;87.76478402;144.7311435;160.0383118;161.7009455;137.3495188;115.677742;99.86293825;142.7457474;93.74518719;137.0860028;133.306672;184.8673818;93.52513659;103.3267823;152.8074903;176.1493747;78.63890084;75.47683347;57.2637875;75.42314502;90.47411918;37.59469163;101.7935818;80.20330752;71.48035822;47.31860242;106.7965312;66.28004841;103.3137898;68.45514121;78.87774813;55.02777029;71.68016041;62.20950383;81.34462668;66.1572558;43.27996501;54.49896931;53.48336026;57.9099267;16.33746671;60.36236465;52.87648054;47.63655753;25.42950433;35.50595625;48.75284138;9.013881377;34.5551921;52.53977261;56.97050335;29.76525009;20.35069062;17.95017485;12.14574899;18.36662922;23.52220678;9.94780261;22.5611011;29.59981056;8.661422276;15.26691411;24.11023907;17.83668184;10.17097407;10.35323127;12.14270426;9.810087833;8.140164114;11.94900659;20.0139305;9.591496159;10.5062271;10.89119211;13.38589004;8.889985661;12.58002581;3.428029445;10.13114086;13.63716947;9.90275542;11.88238122;7.851342678;5.577587024;5.561038474;7.764009005;6.76800291;8.993016024;6.339404341;8.553191944;5.628605606;5.029826873;3.145029909;3.828908593;1.016259646;7.490636704;2.929293786;0.609162025;1.691846512;3.107334226;4.632411221;7.757523936;5.277106711;2.825704437;4.222670134;5.921419179;4.537710304;3.887984572;0.413109723;3.148484497;4.184844953;3.01978904;3.660444927;1.897790793;0.436599114;0.938932617;1.787574894;0.706696748;0.715215119;1.523067262;0.888852325;0.59315722;0.701598803;0;0.621147977;1.241378625;1.099571717;0.494918833;1.075347907;0.655866628;0.431746277;0.285703543;0.758469257;0.603814234;0.470970584;0.182638795;0;0.188759712;0.291457768;0.234371529;0.139174501;0.255955484;0.171604247;0.152131644;0;0.11402701;0;0.111769008
29/03/2020;6601.632725;4322.78522;3115.125452;2989.072303;3253.995866;1929.298626;1713.407772;1713.41972;1615.71369;1468.736886;1172.213445;934.9743301;621.1787442;493.9258876;615.4717187;975.750794;1001.602564;741.1324714;584.6984552;790.2249688;634.1453849;425.6340533;529.5895772;490.6686877;511.8598454;413.4869606;456.0978089;366.3632948;284.4876636;287.5702919;506.226587;468.3138827;353.2547609;139.9384271;121.724841;230.9257189;341.9825476;351.1408229;220.05843;263.0502379;293.2577171;208.8177647;247.8248704;204.3980199;177.24637;166.2597212;264.9178755;135.3360953;288.0138247;0;109.28506;168.9754468;173.6793246;183.9679609;143.0864765;124.3175733;111.8946176;156.2360048;93.74518719;144.2650703;133.306672;186.9153957;106.5896235;109.0514148;152.8074903;176.1493747;98.45102701;94.34604184;65.19643338;84.80811906;114.8325359;37.59469163;110.907993;84.1348422;71.48035822;57.63163115;106.7965312;79.18576021;103.3137898;73.6674616;87.51399792;59.71098478;76.31465354;79.98364779;81.34462668;66.1572558;49.19859271;57.90807364;57.5129285;61.63971859;49.01240014;64.17164009;55.73466868;49.79531392;27.97245476;42.23449024;48.75284138;9.013881377;37.31271366;52.53977261;57.05596015;32.70261029;25.84022118;20.61311288;14.17004049;20.02263678;26.39902344;9.94780261;22.81178;31.44979872;10.51156786;16.48384205;25.38435739;19.88539309;10.17097407;11.6530863;15.12512285;12.94019028;10.86117403;13.7963859;21.58199751;11.10594292;12.27197956;12.97731598;14.7537335;12.87515165;13.59935596;5.2362208;10.80655026;13.63716947;10.62034639;12.51218941;8.271950321;5.577587024;6.577072003;8.480686759;7.22976632;10.79161923;6.939077725;8.553191944;5.951077802;5.029826873;3.145029909;6.255147702;1.016259646;7.490636704;3.700160572;1.218324051;3.383693025;4.302462775;5.404479758;7.757523936;5.463906948;3.082586658;4.697949024;6.160668439;4.891716072;5.18397943;0.743597502;4.329166183;4.184844953;3.01978904;3.660444927;1.897790793;1.164264304;1.408398926;1.931402759;0.781085879;0.742026628;1.577462521;0.888852325;0.59315722;1.315497756;0;0.621147977;1.655171501;1.099571717;0.494918833;1.075347907;0.72145329;0.538470075;0.514266378;0.758469257;0.603814234;0.470970584;0.182638795;0;0.188759712;0.291457768;0.234371529;0.182666533;0.255955484;0.171604247;0.212984302;0;0.136832412;0;0.111769008
30/03/2020;6778.462173;4788.714166;3175.83046;3182.482864;3438.184311;2048.024695;1881.219498;1839.710619;1682.698104;1626.101553;1248.662148;1026.694311;810.9833605;576.2468689;682.5126965;1067.907503;1001.602564;798.3033312;628.4380578;819.922966;685.7360825;488.8389852;589.3329521;542.4274756;538.9982172;444.9085167;494.0295643;398.8409057;387.9377231;326.1496687;607.4719044;468.3138827;433.5399338;139.9384271;182.5872615;300.5699833;353.306473;363.6472083;240.5370536;280.2320781;302.6607702;229.2128405;247.8248704;250.1921118;190.498435;195.8817719;264.9178755;144.8892314;290.2996487;0;128.3746713;180.3629225;192.4357173;199.3428049;162.6596266;136.7973297;128.1112288;171.0203858;143.9658232;150.2476265;133.306672;188.4367774;122.1425842;111.2052369;152.8074903;176.1493747;112.1671144;109.6285412;73.87276482;89.84395878;114.8325359;131.5814207;116.2806985;100.6472879;71.48035822;61.77706427;128.1558375;83.05747374;129.1422373;77.48982989;89.24124788;62.28675276;81.13452639;79.98364779;81.34462668;66.1572558;54.29812461;63.13848029;61.54249674;64.78059597;49.01240014;65.34372484;58.59285682;51.66623611;35.60130606;46.27161063;67.03515689;9.013881377;41.73623783;52.53977261;57.10876272;35.05249846;28.81245319;26.92526228;18.21862348;21.54221189;26.39902344;16.08580848;25.81992682;31.44979872;12.58098995;18.14328924;26.26643931;21.83381777;10.17097407;13.31781291;16.08375739;14.10827515;12.53036498;15.68307115;22.35760055;14.03387333;15.00889586;15.06343984;14.7537335;14.4079078;15.66287798;5.2362208;12.15736904;13.63716947;11.76849195;12.84808712;8.97296306;5.577587024;7.701689267;9.675149683;7.773017389;10.79161923;8.309759744;8.553191944;6.410356384;7.54474031;3.145029909;6.36887766;4.065038585;7.490636704;4.625200714;1.67519557;3.383693025;4.451853843;5.404479758;7.757523936;5.697407245;4.366997766;5.169571922;6.399917698;4.891716072;5.18397943;1.115396252;4.329166183;4.747513182;3.623746848;3.660444927;2.009425545;1.164264304;1.552850097;2.085504043;0.929864142;0.906518859;1.903834077;1.234517118;0.59315722;1.315497756;1.275712517;0.621147977;1.655171501;1.099571717;0.494918833;1.075347907;0.72145329;0.63549171;0.571407087;0.758469257;0.603814234;0.470970584;0.304397991;0;0.188759712;0.297529805;0.318075646;0.200063345;0.255955484;0.171604247;0.212984302;0;0.136832412;0;0.111769008
31/03/2020;6955.291621;4866.36899;3479.355505;3326.075553;3458.649694;2048.024695;2051.619195;1918.627989;1749.732137;1783.466219;1325.110851;1102.279168;810.9833605;705.6084109;798.6087955;1130.307588;1001.602564;857.0616073;729.9413958;856.0770495;735.05072;568.4909152;655.1519244;619.0258603;561.613527;493.7673099;531.0564819;439.1408682;387.9377231;370.47397;607.4719044;515.145271;513.8251068;139.9384271;213.0184717;344.5558345;382.7486791;385.7738903;271.0814414;308.8996049;333.2206926;273.7111876;341.0922948;275.8814804;217.0025651;225.7687783;284.9116774;173.5486398;294.8712967;0;160.4357326;197.2604672;211.19211;211.0064797;179.5330319;157.9169175;143.2292954;178.785127;143.9658232;158.2813449;133.306672;190.8748891;134.170207;126.9621461;166.6990804;176.1493747;128.0168153;116.6979967;87.50699994;103.0058126;118.3123097;150.3787665;126.0666979;112.4418919;71.48035822;67.13579488;128.1558375;102.2316741;129.1422373;84.43959042;97.30174769;67.67244942;85.46005331;79.98364779;101.6807833;99.2358837;61.06227054;66.22068421;66.48787594;68.11777819;70.79568909;68.85997909;62.16559199;57.4229198;35.60130606;50.92982646;67.03515689;9.013881377;44.89589796;56.04242412;57.16503915;37.59821064;32.30027647;29.39094564;18.21862348;26.89600903;33.33722832;16.08580848;27.57467912;33.29978688;16.01403786;23.32076446;26.85449392;23.65330258;15.25646111;16.3280035;18.26731386;19.0178819;14.74833105;17.80559206;22.81284581;14.23579956;16.42149782;16.71608342;15.44160854;16.40049079;17.25402749;7.270436075;12.15736904;15.34181565;12.48608292;13.51988252;9.113165608;5.577587024;8.485043362;10.45155058;8.773504776;10.79161923;9.166436007;8.553191944;6.93803816;7.54474031;7.188639793;6.785887507;4.065038585;7.490636704;4.933547429;1.67519557;4.229616281;5.139052758;5.790514026;7.757523936;6.678108493;4.469750654;5.586354948;6.519542328;5.181357155;5.18397943;1.115396252;4.329166183;4.747513182;4.106913094;3.660444927;2.121060298;1.45533038;2.058429199;2.177964813;1.097239687;1.012315624;1.903834077;1.382659173;0.59315722;1.315497756;1.700950023;0.621147977;1.655171501;1.237018181;0.74237825;1.290417489;0.96193772;0.654896037;0.571407087;0.758469257;0.754767793;0.538252096;0.426157187;0.125360678;0.314599519;0.309673879;0.318075646;0.226158564;0.255955484;0.171604247;0.212984302;0.168197488;0.159637814;0;0.111769008
01/04/2020;6955.291621;5047.56358;3704.603037;3575.164912;3540.511225;2404.202903;2226.895399;2053.007052;1828.823364;1783.466219;1401.559554;1204.870944;989.2846667;799.6895323;873.0800462;1189.265675;1001.602564;929.4382449;809.182649;897.0270829;794.5200875;644.623236;698.0861463;703.8270887;587.2442114;536.4108503;566.6308966;489.8376268;387.9377231;434.1689778;607.4719044;515.145271;513.8251068;373.1691389;334.7433127;344.5558345;425.7795956;404.5334685;289.8245884;327.5755182;334.3960742;273.7111876;359.7457796;313.8570688;265.0413009;253.1122098;312.403155;195.8392908;299.4429447;0;185.9043568;213.423336;234.5767035;236.4544974;192.694288;169.9166832;158.5566086;190.667534;170.7501624;170.9301781;133.306672;192.8448833;146.8199484;155.7553471;166.6990804;176.1493747;139.904091;127.8739741;104.8596628;121.3179571;118.3123097;150.3787665;135.7567561;126.5954168;71.48035822;82.30201361;131.7157219;118.3638139;154.9706847;89.99939885;97.30174769;74.22894971;89.84737347;79.98364779;101.6807833;99.2358837;67.48292469;67.52828588;73.26487707;73.61431361;70.79568909;70.17857444;64.30923309;60.73301293;53.40195909;54.34585141;67.03515689;9.013881377;49.40559468;56.04242412;57.22201034;41.12304289;40.12513218;35.40721303;30.36437247;32.16041941;35.7909837;17.24991304;29.32943143;35.14977504;19.02908992;23.32076446;27.24653033;25.37250083;24.15606343;19.31538962;20.23784043;21.08940742;18.15530985;20.93041451;23.26809107;17.3656562;18.71697601;17.71850657;17.2205957;17.01359325;18.09932567;8.777262205;14.8590066;17.04646184;13.49071028;13.81379301;9.673975799;5.577587024;9.423517079;11.34739778;9.588381381;10.79161923;9.851777016;10.69148993;7.612298206;7.54474031;8.087219767;7.202897354;4.573168408;7.490636704;4.933547429;2.284357595;4.229616281;5.407956682;6.330962002;7.757523936;6.818208671;6.08810865;6.131097675;6.519542328;6.275556803;5.18397943;3.057011951;5.509847869;5.028847297;4.348496218;4.270519082;2.176877674;1.45533038;2.058429199;2.239605326;1.506379909;1.447821486;1.958229336;1.530801227;1.186314439;1.403197607;1.700950023;0.621147977;1.655171501;1.374464646;1.072324139;1.290417489;0.96193772;0.844088226;0.571407087;0.758469257;0.754767793;0.538252096;0.426157187;0.250721357;0.314599519;0.327889989;0.33481647;0.252253783;0.319944355;0.171604247;0.243410631;0.168197488;0.159637814;0;0.111769008
02/04/2020;7220.535793;5539.377467;3972.983076;3865.280753;3622.372756;2611.973524;2396.867332;2175.369415;1906.029103;1967.05833;1528.974058;1324.288115;1110.069422;1117.213317;905.4974843;1235.677126;1001.602564;1012.055508;885.9721308;949.4136121;857.7245281;735.5016622;779.499152;792.2098403;646.7978606;584.5790599;600.8599603;551.3272501;568.9753272;496.6855395;607.4719044;561.9766592;561.9962105;419.8152813;426.0369435;425.1965618;443.8978763;431.4702988;329.3934544;360.2583663;377.8851946;305.2308502;367.7401303;344.0141537;294.8584472;298.7640822;319.9008307;229.2752672;304.0145927;0;215.0249065;238.4023151;246.2690003;242.8165018;223.7413536;184.3164021;178.0688537;200.6283636;170.7501624;179.3057568;199.960008;194.5808189;165.2761283;179.2773519;166.6990804;176.1493747;162.4594347;142.3247728;125.1870679;134.0220073;160.0695955;169.1761123;148.1331671;132.8858723;91.90331771;103.5347198;131.7157219;127.2134448;129.1422373;96.25418332;100.7562476;80.08296783;96.27387061;88.87071976;101.6807833;99.2358837;77.84052316;70.89069015;78.02709408;77.73671517;70.79568909;72.37623334;67.16742123;65.77011115;61.03081039;60.55680586;67.03515689;18.02776275;54.14508487;63.04772713;57.27133907;45.23534717;42.88506191;39.45093374;33.40080972;37.84353624;38.49857585;32.17161695;33.59097275;35.14977504;24.31228341;25.0687155;29.30472147;26.86247265;24.15606343;22.48521153;23.16700154;24.02787094;20.51046969;22.81709976;24.65068778;22.11092273;20.57101609;19.18150253;19.72699094;17.77997132;19.19324096;11.52721989;15.87212069;17.04646184;13.77774667;14.23366514;10.79559618;7.808621834;10.687742;11.64601351;10.96009033;10.79161923;10.53711803;10.69148993;8.452680293;7.54474031;9.435089728;7.354537298;4.573168408;8.739076155;6.321107643;3.959553164;6.203437212;6.125033811;6.485375709;7.757523936;7.051708968;7.012884647;6.54422471;6.579354643;6.565197886;6.479974287;4.048475286;5.509847869;5.13434759;4.710870902;4.270519082;2.623416684;1.600863418;2.130654785;2.39370661;2.045701112;1.842747768;2.121415114;1.77770465;1.186314439;1.403197607;1.700950023;0.621147977;1.655171501;1.374464646;1.072324139;1.290417489;0.983799941;0.892599044;0.914251338;0.758469257;0.754767793;0.605533608;0.487036785;0.250721357;0.314599519;0.340034063;0.33481647;0.252253783;0.319944355;0.205925097;0.243410631;0.252296232;0.182443216;0.156822139;0.111769008
03/04/2020;7220.535793;5681.744645;4172.670605;3997.15159;3663.303522;2819.744145;2549.450668;2265.379123;1981.862076;1967.05833;1630.905662;1446.984082;1334.383969;1340.655981;985.6678309;1279.534837;1201.923077;1088.02472;969.5285018;990.5481051;917.6024192;832.5794345;865.3675959;858.1791882;724.4437576;648.6306935;633.1841022;607.0738811;568.9753272;562.2365998;607.4719044;580.7092145;561.9962105;536.4306372;426.0369435;469.182413;457.4865868;449.2678473;373.1274642;382.0158052;394.9282283;341.8492818;381.0640481;358.5342316;327.9886099;329.313478;324.8992812;277.0409479;306.3004167;0;248.0582338;255.6671977;262.8330873;261.372348;248.3765253;206.3959712;195.4886329;209.0205587;190.8384168;190.4162184;199.960008;196.2582397;179.9995977;190.8966554;166.6990804;176.1493747;176.480324;165.4564469;146.5060537;168.9295327;177.4684645;169.1761123;154.7531079;146.2530902;153.1721962;127.8006698;138.8354906;137.1692796;129.1422373;105.63636;106.2258725;97.64502218;102.9784373;106.6448637;101.6807833;99.2358837;89.38713165;75.42059591;82.42298671;81.66281189;70.79568909;74.42738166;70.02560937;69.79978974;61.03081039;64.49041034;67.03515689;27.04164413;58.56860905;63.04772713;57.32622595;49.34765146;48.37459246;43.69190912;40.48582996;42.60455795;41.88306603;37.14551826;38.85522968;35.14977504;28.43057043;27.98934254;30.38282159;28.33811781;29.24155046;26.70403925;24.71146831;27.54125124;24.51195486;24.90031472;25.37570801;22.41381208;23.74937051;21.4301815;20.69159731;19.92582993;20.38660309;19.1743625;15.87212069;17.04646184;14.44749825;14.61155005;12.8986344;7.808621834;11.71153151;12.36269126;12.15976978;10.79161923;11.30812666;11.40425593;9.625306461;10.05965375;9.435089728;8.264376964;7.621947347;8.739076155;7.091974429;5.558603481;6.203437212;6.782354513;6.871409978;7.757523936;7.425309443;7.218390424;7.260799036;6.818603903;6.597380229;6.479974287;4.957316677;5.509847869;5.38051494;4.831662464;4.270519082;2.790868813;1.600863418;2.527895507;2.434800286;2.268868506;1.860139017;2.121415114;1.925846705;1.384033513;1.578597308;1.700950023;1.656394605;1.655171501;1.374464646;1.319783555;1.290417489;1.049386604;1.018727169;0.914251338;0.758469257;0.754767793;0.605533608;0.487036785;0.250721357;0.440439327;0.370394247;0.33481647;0.304444221;0.319944355;0.205925097;0.243410631;0.252296232;0.22805402;0.156822139;0.111769008
04/04/2020;7633.137839;6031.191354;4359.578132;4152.466131;3704.234288;2908.788697;2698.504953;2369.254255;2061.333708;2019.513219;1681.871464;1590.301945;1506.93362;1481.777663;1378.093481;1308.070107;1201.923077;1146.90235;1032.097709;1023.750835;970.3603272;933.0740979;932.4016877;907.0496509;783.2435631;703.8773855;663.662851;637.9672184;620.7003569;617.2552987;607.4719044;599.4417699;561.9962105;536.4306372;532.5461794;491.1753386;482.3992227;469.9514848;459.901293;417.59342;404.3312813;387.7382023;386.3936152;373.0543096;352.8362318;343.5945919;334.8961822;320.0300605;308.5862407;287.3563218;283.7830777;283.2175423;274.2817946;269.8550205;259.8504409;231.8354746;217.6687722;217.6480489;204.2305864;203.2359818;199.960008;198.0916997;197.004168;196.3945698;194.4822604;193.7643121;190.1964113;187.8084017;186.4171783;185.8682663;180.9482384;169.1761123;160.5095781;154.1161596;153.1721962;152.1677279;142.395375;137.1692796;129.1422373;115.7135128;115.1499973;112.1629871;107.6129305;106.6448637;101.6807833;99.2358837;95.83420825;87.88951177;86.26939276;85.39260378;76.24151132;76.18550878;73.59834454;72.3902974;71.20261212;70.18378525;67.03515689;63.09716964;62.58999466;59.54507562;57.34845861;54.24325181;52.95425608;51.3848412;49.5951417;48.73931321;46.7905768;46.56418243;40.60998198;35.14977504;32.41866202;32.10477157;31.65693992;29.61318985;29.24155046;28.52839718;28.27971912;28.23480163;28.01039618;27.63207774;26.72458286;26.65426301;25.42683534;24.89802376;24.81884752;22.07168854;21.82858233;20.90721255;17.89834886;17.04646184;15.21292862;14.90546054;13.45944459;13.38620886;13.09209616;13.07936902;12.75734595;12.59022243;11.90780005;11.40425593;10.45591666;10.05965375;9.435089728;9.287946588;9.146336816;8.739076155;8.633708;8.452123101;8.177258143;7.947604847;7.875099076;7.757523936;7.752209858;7.680778423;7.64833413;6.818603903;6.597380229;6.479974287;5.948780013;5.509847869;5.450848469;4.952454026;4.270519082;3.404859952;2.619594685;2.527895507;2.465620543;2.343257637;2.233326237;2.121415114;2.024608074;1.977190732;1.753997008;1.700950023;1.656394605;1.655171501;1.374464646;1.319783555;1.290417489;1.049386604;1.038131496;0.914251338;0.758469257;0.754767793;0.605533608;0.547916384;0.501442713;0.440439327;0.425042578;0.33481647;0.33053944;0.319944355;0.308887645;0.304263289;0.252296232;0.22805402;0.209096186;0.111769008
