Country/Region;US;Korea, South;China;Taiwan*;Thailand;Japan;Vietnam;Singapore;France;Nepal;Malaysia;Canada;Australia;Cambodia;Sri Lanka;Germany;Finland;United Arab Emirates;Philippines;India;Italy;Sweden;Russia;United Kingdom;Spain;Belgium;Egypt;Iran;Lebanon;Israel;Iraq;Oman;Afghanistan;Bahrain;Kuwait;Algeria;Croatia;Switzerland;Austria;Pakistan;Brazil;Georgia;Greece;North Macedonia;Norway;Romania;Estonia;San Marino;Denmark;Netherlands;Belarus;Iceland;Lithuania;Mexico;New Zealand;Nigeria;Ireland;Luxembourg;Monaco;Qatar;Ecuador;Azerbaijan;Armenia;Dominican Republic;Czechia;Indonesia;Portugal;Andorra;Latvia;Morocco;Saudi Arabia;Senegal;Argentina;Chile;Jordan;Ukraine;Hungary;Liechtenstein;Poland;Tunisia;Faroe Islands-Denmark;Saint Barthelemy-France;Gibraltar-United Kingdom;Bosnia and Herzegovina;Slovenia;South Africa;West Bank and Gaza;Bhutan;Cameroon;Colombia;Costa Rica;Peru;Serbia;Slovakia;Togo;Holy See;Malta;Martinique-France;French Guiana-France;Bulgaria;Maldives;Bangladesh;Paraguay;Moldova;Albania;Cyprus;Brunei;St Martin-France;Burkina Faso;Mongolia;Panama;Channel Islands-United Kingdom;Bolivia;Reunion-France;Honduras;Congo (Kinshasa);Cote d'Ivoire;Jamaica;Turkey;Cuba;Guyana;French Polynesia-France;Guadeloupe-France;Cayman Islands-United Kingdom;Kazakhstan;Ethiopia;Sudan;Guinea;Kenya;Antigua and Barbuda;Aruba-Netherlands;Uruguay;Ghana;Namibia;Seychelles;Trinidad and Tobago;Venezuela;Eswatini;Gabon;Guatemala;Mauritania;Rwanda;Saint Lucia;Saint Vincent and the Grenadines;Suriname;Curacao-Netherlands;Central African Republic;Congo (Brazzaville);Equatorial Guinea;Uzbekistan;Mayotte-France;Greenland-Denmark;Benin;Liberia;Somalia;Tanzania;Bahamas;Barbados;Montenegro;Gambia;Montserrat-United Kingdom;Kyrgyzstan;Mauritius;Zambia;Djibouti;New Caledonia-France;BermudaUnited Kingdom;Chad;El Salvador;Fiji;Nicaragua;Isle of Man-United Kingdom;Sint Maarten-Netherlands;Madagascar;Haiti;Angola;Cabo Verde;Niger;Papua New Guinea;Zimbabwe;Eritrea;Uganda;Dominica;Grenada;Mozambique;Syria;Timor-Leste;Belize;Laos;Libya;Guinea-Bissau;Mali;Saint Kitts and Nevis;Northwest Territories-Canada;Yukon-Canada;Kosovo;Burma;Anguilla-United Kingdom;British Virgin Islands-United Kingdom;Turks and Caicos Islands-United Kingdom;MS Zaandam;Botswana;Burundi;Sierra Leone;Bonaire, Sint Eustatius and Saba-Netherlands;Malawi;Falkland Islands (Islas Malvinas)-United Kingdom
Population 2020;331,002,651;51,269,185;1,439,323,776;23,816,775;69,799,978;126,476,461;97,338,579;5,850,342;65,273,511;29,136,808;32,365,999;37,742,154;25,499,884;16,718,965;21,413,249;83,783,942;5,540,720;9,890,402;109,581,078;1,380,004,385;60,461,826;10,099,265;145,934,462;67,886,011;46,754,778;11,589,623;102,334,404;83,992,949;6,825,445;8,655,535;40,222,493;5,106,626;38,928,346;1,701,575;4,270,571;43,851,044;4,105,267;8,654,622;9,006,398;220,892,340;212,559,417;3,989,167;10,423,054;2,083,374;5,421,241;19,237,691;1,326,535;33,931;5,792,202;17,134,872;9,449,323;341,243;2,722,289;128,932,753;4,822,233;206,139,589;4,937,786;625,978;39,242;2,881,053;17,643,054;10,139,177;2,963,243;10,847,910;10,708,981;273,523,615;10,196,709;77,265;1,886,198;36,910,560;34,813,871;16,743,927;45,195,774;19,116,201;10,203,134;43,733,762;9,660,351;38,128;37,846,611;11,818,619;48,863;9,877;33,691;3,280,819;2,078,938;59,308,690;;771,608;26,545,863;50,882,891;5,094,118;32,971,854;8,737,371;5,459,642;8,278,724;801,000;441,543;375,265;298,682;6,948,445;540,544;164,689,383;7,132,538;4,033,963;2,877,797;1,207,359;437,479;38,666;20,903,273;3,278,290;4,314,767;173,863;11,673,021;895,312;9,904,607;;26,378,274;2,961,167;84,339,067;11,326,616;786,552;280,908;400,124;65,722;18,776,707;114,963,588;43,849,260;13,132,795;53,771,296;97,929;106,766;3,473,730;31,072,940;2,540,905;98,347;1,399,488;28,435,940;1,160,164;2,225,734;17,915,568;4,649,658;12,952,218;183,627;110,940;586,632;164,093;4,829,767;;1,402,985;33,469,203;272,815;56,770;12,123,200;5,057,681;15,893,222;59,734,218;393,244;287,375;628,066;2,416,668;4,992;6,524,195;1,271,768;18,383,955;988,000;285,498;62,278;16,425,864;6,486,205;896,445;6,624,554;85,033;42,876;27,691,018;11,402,528;32,866,272;555,987;24,206,644;8,947,024;14,862,924;3,546,421;45,741,007;71,986;112,523;31,255,435;17,500,658;1,318,445;397,628;7,275,560;6,871,292;1,968,001;20,250,833;53,199;;;;;15,003;30,231;38,717;;2,351,627;11,890,784;7,976,983;;19,129,952;3,480
1;0.003021124;0.019504894;0.380734348;0.041987213;0.028653304;0.015813219;0.020546838;0.170930178;0.030640301;0.034320849;0.092689863;0.026495573;0.156863459;0.059812315;0.046700059;0.011935461;0.180481959;0.404432499;0.009125663;0.000724635;0.033078723;0.099017107;0.013704782;0.029461151;0.021388188;0.086284084;0.009771885;0.023811523;0.146510594;0.115533009;0.024861711;0.391648027;0.025688222;0.587690816;0.234160725;0.022804474;0.243589516;0.115545197;0.222064359;0.009054184;0.004704567;0.250678901;0.09594117;0.479990631;0.18445961;0.05198129;0.75384366;29.47157467;0.172645913;0.058360518;0.105827687;2.930463042;0.367337928;0.007755981;0.207372808;0.004851082;0.202519915;1.597500232;25.48290097;0.347095315;0.340077177;0.295882003;0.337468105;0.092183656;0.280138699;0.007311983;0.196141716;12.94247072;0.530167034;0.027092518;0.028724183;0.059723146;0.022125962;0.052311649;0.098009102;0.02286563;0.207031815;26.2274444;0.026422445;0.084612255;20.4653828;303.7359522;29.68151732;0.609603882;0.962029652;0.016860936;#диаия./0!;1.295994857;0.037670653;0.019652971;0.196304836;0.030328898;0.114450903;0.183162193;0.120791562;1.248439451;6.79435525;5.329567106;16.740212;0.575668369;7.39995264;0.018216111;0.140202548;0.247895184;0.694976053;1.656508131;2.285824005;51.72502974;0.047839398;0.305037077;0.231762225;5.751655039;0.171335252;1.116929071;0.201926235;#диаия./0!;0.037909986;0.337704695;0.011856901;0.264862868;1.271371759;10.67965312;2.49922524;15.21560512;0.213029899;0.008698406;0.022805402;0.076145253;0.018597283;10.21147975;18.73255531;1.151499973;0.096547028;0.787121124;20.33615667;1.429094069;0.070333529;0.861947104;0.449289987;0.055817376;0.215069581;0.077206854;5.445822237;9.013881377;1.704646184;6.094105172;0.207049326;#диаия./0!;0.712765995;0.029878214;3.665487601;17.61493747;0.082486472;0.197719073;0.062919904;0.016740823;2.542950433;6.959547629;3.184378712;0.413792875;200.3205128;0.459826845;2.358920809;0.108790519;1.012145749;7.005303014;32.11406917;0.060879598;0.154173357;1.115517405;0.150953559;11.76014018;23.32307118;0.108338379;0.175399701;0.030426329;1.798603205;0.041310972;0.111769008;0.067281512;0.281974419;0.021862221;13.89159003;8.887071976;0.031994436;0.057140709;0.758469257;2.514913437;0.274892929;0.145533038;1.016259646;0.098761369;37.59469163;#диаия./0!;#диаия./0!;#диаия./0!;#диаия./0!;133.306672;66.1572558;103.3137898;#диаия./0!;1.275712517;0.168197488;0.125360678;#диаия./0!;0.156822139;287.3563218
2;0.003021124;0.019504894;0.446737566;0.041987213;0.042979956;0.015813219;0.020546838;0.512790534;0.045960451;0.034320849;0.123586483;0.026495573;0.196079323;0.059812315;0.046700059;0.047741845;0.180481959;0.404432499;0.009125663;0.000724635;0.033078723;0.099017107;0.013704782;0.029461151;0.021388188;0.086284084;0.009771885;0.059528806;0.146510594;0.115533009;0.024861711;0.391648027;0.025688222;13.51688876;2.575767971;0.022804474;0.730768547;0.115545197;0.222064359;0.009054184;0.004704567;0.250678901;0.287823511;0.479990631;0.18445961;0.05198129;0.75384366;29.47157467;0.172645913;0.058360518;0.105827687;2.930463042;0.367337928;0.031023925;0.207372808;0.004851082;0.202519915;1.597500232;25.48290097;1.041285946;0.340077177;0.295882003;0.337468105;0.092183656;0.280138699;0.007311983;0.196141716;12.94247072;0.530167034;0.027092518;0.028724183;0.119446292;0.022125962;0.052311649;0.098009102;0.02286563;0.207031815;26.2274444;0.026422445;0.084612255;20.4653828;303.7359522;29.68151732;0.609603882;3.367103781;0.016860936;#диаия./0!;1.295994857;0.037670653;0.019652971;0.196304836;0.030328898;0.114450903;0.183162193;0.120791562;1.248439451;6.79435525;5.329567106;16.740212;0.575668369;7.39995264;0.018216111;0.140202548;0.247895184;3.474880264;2.484762196;2.285824005;51.72502974;0.095678796;0.305037077;1.854097799;11.50331008;0.171335252;1.116929071;0.201926235;#диаия./0!;0.037909986;0.675409391;0.011856901;0.353150491;1.271371759;10.67965312;2.49922524;15.21560512;0.319544849;0.008698406;0.022805402;0.076145253;0.018597283;10.21147975;18.73255531;1.151499973;0.193094055;0.787121124;20.33615667;1.429094069;0.351667643;0.861947104;0.449289987;0.055817376;0.215069581;0.077206854;10.89164447;9.013881377;1.704646184;6.094105172;0.207049326;#диаия./0!;0.712765995;0.179269282;3.665487601;17.61493747;0.082486472;0.197719073;0.062919904;0.016740823;2.542950433;6.959547629;3.184378712;0.413792875;200.3205128;0.459826845;2.358920809;0.108790519;1.012145749;7.005303014;32.11406917;0.060879598;0.154173357;1.115517405;0.150953559;11.76014018;23.32307118;0.108338379;0.175399701;0.060852658;5.395809614;0.041310972;0.111769008;0.201844536;0.281974419;0.021862221;27.78318006;8.887071976;0.031994436;0.057140709;0.758469257;2.514913437;0.412339394;0.145533038;1.016259646;0.197522739;37.59469163;#диаия./0!;#диаия./0!;#диаия./0!;#диаия./0!;133.306672;66.1572558;103.3137898;#диаия./0!;1.700950023;0.168197488;0.250721357;#диаия./0!;0.156822139;
3;0.006042248;0.039009787;0.639189052;0.125961638;0.07163326;0.015813219;0.020546838;0.512790534;0.045960451;0.034320849;0.123586483;0.052991146;0.196079323;0.059812315;0.046700059;0.047741845;0.180481959;0.404432499;0.009125663;0.000724635;0.033078723;0.099017107;0.013704782;0.029461151;0.021388188;0.086284084;0.009771885;0.214303703;0.146510594;0.115533009;0.124308555;0.783296055;0.025688222;19.39379692;6.088178841;0.022804474;0.730768547;0.924361572;0.333096539;0.009054184;0.004704567;0.250678901;0.383764682;0.479990631;1.106757659;0.155943871;0.75384366;29.47157467;0.517937738;0.350163106;0.105827687;8.791389127;0.367337928;0.038779906;0.207372808;0.004851082;0.202519915;1.597500232;25.48290097;1.041285946;0.396756707;0.295882003;0.337468105;0.092183656;0.466897831;0.007311983;0.49035429;12.94247072;0.530167034;0.027092518;0.028724183;0.238892585;0.022125962;0.209246597;0.098009102;0.02286563;0.207031815;26.2274444;0.132112225;0.084612255;20.4653828;303.7359522;29.68151732;0.914405824;3.367103781;0.016860936;#диаия./0!;1.295994857;0.075341306;0.019652971;0.981524181;0.181973389;0.114450903;0.549486578;0.120791562;1.248439451;6.79435525;5.329567106;16.740212;0.575668369;11.09992896;0.018216111;0.140202548;0.743685552;4.169856317;4.969524392;25.14406406;51.72502974;0.095678796;0.305037077;2.549384474;11.50331008;0.257002879;5.584645353;0.201926235;#диаия./0!;0.037909986;2.701637564;0.059284507;0.353150491;1.271371759;10.67965312;7.497675721;15.21560512;0.479317273;0.008698406;0.022805402;0.076145253;0.055791848;10.21147975;18.73255531;2.302999945;0.193094055;0.787121124;30.504235;2.858188137;0.597834993;0.861947104;0.449289987;0.111634753;0.215069581;0.386034268;10.89164447;9.013881377;1.704646184;6.094105172;0.207049326;#диаия./0!;0.712765995;0.298782137;3.665487601;17.61493747;0.164972944;0.395438146;0.062919904;0.05022247;2.542950433;17.39886907;4.776568068;0.413792875;200.3205128;0.919653689;9.435683238;0.108790519;1.012145749;14.01060603;32.11406917;0.060879598;0.462520071;1.115517405;0.301907117;58.8007009;23.32307118;0.108338379;0.175399701;0.060852658;5.395809614;0.082621945;0.111769008;0.201844536;0.281974419;0.196759988;27.78318006;8.887071976;0.095983307;0.057140709;0.758469257;5.029826873;0.824678788;0.145533038;1.016259646;0.543187532;37.59469163;#диаия./0!;#диаия./0!;#диаия./0!;#диаия./0!;133.306672;66.1572558;129.1422373;#диаия./0!;1.700950023;0.252296232;0.250721357;#диаия./0!;0.209096186;
4;0.006042248;0.039009787;0.976847617;0.125961638;0.100286565;0.015813219;0.020546838;0.683720712;0.045960451;0.034320849;0.123586483;0.052991146;0.235295188;0.059812315;0.046700059;0.047741845;0.180481959;0.404432499;0.018251326;0.001449271;0.033078723;0.099017107;0.013704782;0.029461151;0.021388188;0.086284084;0.009771885;0.333361316;0.146510594;0.115533009;0.174031978;0.783296055;0.025688222;19.39379692;10.06891116;0.022804474;1.217947578;0.924361572;0.333096539;0.018108369;0.009409134;0.250678901;0.383764682;0.479990631;2.766894148;0.155943871;0.75384366;29.47157467;0.69058365;0.583605177;0.105827687;17.58277825;0.367337928;0.038779906;0.207372808;0.004851082;0.40503983;1.597500232;25.48290097;2.429667208;0.566795295;0.295882003;0.337468105;0.092183656;0.747036529;0.007311983;0.784566864;12.94247072;0.530167034;0.054185035;0.143620915;0.238892585;0.044251925;0.209246597;0.098009102;0.02286563;0.41406363;26.2274444;0.132112225;0.084612255;20.4653828;303.7359522;29.68151732;0.914405824;7.696237213;0.050582807;#диаия./0!;1.295994857;0.075341306;0.019652971;1.766743527;0.212302287;0.114450903;0.549486578;0.120791562;1.248439451;11.32392542;5.329567106;16.740212;1.007419646;14.79990528;0.018216111;0.701012739;0.743685552;7.992224608;4.969524392;25.14406406;51.72502974;0.095678796;0.305037077;6.257580073;11.50331008;0.856676262;6.701574423;0.201926235;#диаия./0!;0.037909986;2.701637564;0.059284507;0.353150491;5.085487037;10.67965312;14.99535144;15.21560512;0.532574748;0.043492032;0.022805402;0.076145253;0.055791848;10.21147975;18.73255531;8.348374802;0.225276398;0.787121124;40.67231334;3.572735172;1.160503222;0.861947104;0.449289987;0.334904258;0.215069581;0.540447976;10.89164447;9.013881377;1.704646184;18.28231552;0.207049326;#диаия./0!;2.851063981;0.448173206;10.9964628;35.22987493;0.164972944;0.395438146;0.062919904;0.100444941;7.628851298;17.39886907;22.29065098;0.413792875;200.3205128;2.145858608;11.00829711;0.108790519;1.012145749;14.01060603;96.34220752;0.060879598;0.462520071;2.23103481;0.301907117;152.8818224;46.64614236;0.433353516;0.526199103;0.091278987;5.395809614;0.123932917;0.111769008;0.201844536;0.281974419;0.196759988;97.24113022;8.887071976;0.159972178;0.285703543;0.758469257;5.029826873;0.824678788;0.145533038;1.016259646;0.888852325;37.59469163;#диаия./0!;#диаия./0!;#диаия./0!;#диаия./0!;133.306672;99.2358837;129.1422373;#диаия./0!;1.700950023;0.252296232;0.250721357;;;
5;0.015105619;0.058514681;1.441649221;0.167948851;0.114613217;0.031626438;0.020546838;0.85465089;0.061280601;0.034320849;0.216276346;0.052991146;0.352942782;0.059812315;0.046700059;0.059677307;0.180481959;0.505540624;0.018251326;0.002173906;0.033078723;0.099017107;0.013704782;0.029461151;0.021388188;0.086284084;0.009771885;0.511947735;0.146510594;0.115533009;0.174031978;0.783296055;0.025688222;21.15686937;10.53723261;0.022804474;1.461537094;2.079813538;0.999289616;0.018108369;0.009409134;0.752036703;0.671588193;0.479990631;3.504732588;0.155943871;0.75384366;235.7725973;0.69058365;1.050489318;0.105827687;32.23509347;0.367337928;0.038779906;0.207372808;0.004851082;1.215119489;1.597500232;25.48290097;2.776762524;0.736833884;0.591764006;0.337468105;0.092183656;1.120554794;0.014623966;1.274921153;12.94247072;0.530167034;0.054185035;0.143620915;0.238892585;0.1770077;0.209246597;0.098009102;0.02286563;0.724611352;26.2274444;0.290646896;0.169224509;40.93076561;303.7359522;29.68151732;0.914405824;7.696237213;0.050582807;#диаия./0!;1.295994857;0.075341306;0.058958914;1.766743527;0.333617879;0.572254515;1.282135349;0.120791562;1.248439451;13.5887105;7.994350659;16.740212;1.007419646;14.79990528;0.018216111;0.701012739;0.743685552;11.46710487;11.59555691;84.57548819;51.72502974;0.095678796;0.305037077;8.343440098;11.50331008;0.856676262;7.818503494;0.302889352;#диаия./0!;0.037909986;3.377046955;0.071141408;0.353150491;5.085487037;10.67965312;44.98605432;15.21560512;1.757496669;0.043492032;0.022805402;0.076145253;0.055791848;10.21147975;28.09883296;14.39374966;0.225276398;0.787121124;40.67231334;5.00182924;1.266003515;0.861947104;0.449289987;0.334904258;0.215069581;0.617654829;10.89164447;9.013881377;1.704646184;18.28231552;0.207049326;#диаия./0!;4.276595972;0.687198915;10.9964628;35.22987493;0.164972944;0.395438146;0.062919904;0.100444941;7.628851298;20.87864289;22.29065098;0.413792875;200.3205128;2.145858608;22.01659422;0.163185778;1.012145749;28.02121206;96.34220752;0.060879598;0.462520071;3.346552215;0.301907117;270.4832242;46.64614236;0.61391748;0.613898953;0.091278987;5.395809614;0.123932917;0.111769008;0.201844536;1.127897675;0.306071093;152.8074903;62.20950383;0.223961049;0.285703543;0.758469257;5.029826873;1.099571717;0.436599114;1.016259646;0.888852325;37.59469163;#диаия./0!;#диаия./0!;#диаия./0!;#диаия./0!;133.306672;99.2358837;154.9706847;#диаия./0!;1.700950023;0.252296232;0.501442713;;;
6;0.015105619;0.078019575;1.998855329;0.209936064;0.114613217;0.031626438;0.020546838;1.196511247;0.076600752;0.034320849;0.247172967;0.105982292;0.352942782;0.059812315;0.046700059;0.095483691;0.180481959;0.505540624;0.018251326;0.002173906;0.033078723;0.099017107;0.013704782;0.029461151;0.021388188;0.086284084;0.009771885;0.726251438;0.293021188;0.231066017;0.323202244;1.174944082;0.025688222;24.09532345;10.53723261;0.022804474;1.705126609;3.119720307;1.554450514;0.018108369;0.009409134;0.752036703;0.671588193;0.479990631;4.611490247;0.155943871;1.507687321;294.7157467;1.035875475;1.400652424;0.634966124;76.1920391;0.367337928;0.038779906;0.622118425;0.004851082;1.215119489;1.597500232;25.48290097;2.776762524;0.736833884;0.591764006;0.337468105;0.184367311;1.680832191;0.014623966;1.961417159;12.94247072;0.530167034;0.054185035;0.143620915;0.238892585;0.26551155;0.418493193;0.098009102;0.02286563;0.931643167;26.2274444;0.422759121;0.169224509;40.93076561;101.2453174;29.68151732;1.524009706;14.9114596;0.118026549;#диаия./0!;1.295994857;0.075341306;0.176876742;2.551962872;0.333617879;1.373410835;1.831621927;0.120791562;1.248439451;13.5887105;7.994350659;16.740212;3.310093122;16.64989344;0.018216111;0.841215287;1.487371104;13.204545;21.5346057;91.43296021;51.72502974;0.143518194;0.305037077;9.965775672;17.25496512;0.942343889;10.05236163;0.605778705;#диаия./0!;0.037909986;3.377046955;0.213424225;0.441438114;8.899602315;10.67965312;67.47908148;15.21560512;1.864011618;0.052190438;0.045610804;0.076145253;0.055791848;10.21147975;37.46511062;22.74212446;0.354005768;1.180681686;61.00847001;6.430923309;1.477004101;0.861947104;0.449289987;0.502356386;0.430139163;0.617654829;10.89164447;9.013881377;1.704646184;18.28231552;0.621147977;#диаия./0!;4.276595972;0.985981052;21.99292561;35.22987493;0.164972944;0.59315722;0.062919904;0.100444941;10.17180173;48.71683341;33.43597647;0.413792875;200.3205128;2.452409838;28.30704971;0.163185778;3.036437247;35.02651507;96.34220752;0.182638795;0.770866786;4.462069619;0.301907117;270.4832242;69.96921355;0.686143066;0.701598803;0.091278987;7.194412819;0.289176806;0.111769008;0.201844536;1.691846512;0.306071093;152.8074903;62.20950383;0.223961049;0.285703543;0.758469257;5.029826873;1.099571717;1.164264304;4.065038585;1.234517118;131.5814207;#диаия./0!;#диаия./0!;#диаия./0!;#диаия./0!;199.960008;99.2358837;129.1422373;#диаия./0!;1.700950023;;;;;
7;0.015105619;0.078019575;3.827491835;0.335897702;0.200573129;0.055346267;0.020546838;1.196511247;0.076600752;0.034320849;0.247172967;0.105982292;0.470590376;0.059812315;0.046700059;0.119354613;0.180481959;0.505540624;0.018251326;0.002173906;0.033078723;0.099017107;0.013704782;0.029461151;0.021388188;0.086284084;0.009771885;1.131047322;0.293021188;0.346599026;0.472372511;1.174944082;0.025688222;27.62146835;10.53723261;0.068413422;1.705126609;4.852898255;1.998579232;0.022635461;0.009409134;0.752036703;0.671588193;0.479990631;5.902707517;0.155943871;1.507687321;471.5451947;1.726459126;2.217699671;0.634966124;99.63574344;0.367337928;0.038779906;0.622118425;0.004851082;3.645358466;3.195000463;25.48290097;2.776762524;0.736833884;0.887646009;0.337468105;0.184367311;1.774211757;0.021935949;2.942125739;12.94247072;1.060334069;0.054185035;0.315966013;0.238892585;0.26551155;0.418493193;0.098009102;0.02286563;0.931643167;26.2274444;0.581293791;0.423061273;40.93076561;101.2453174;29.68151732;2.133613589;27.41784507;0.219192162;#диаия./0!;1.295994857;0.075341306;0.176876742;4.318706398;0.454933471;2.174567155;2.930595083;0.120791562;1.248439451;27.177421;7.994350659;16.740212;5.900600782;18.4998816;0.018216111;0.841215287;2.974742208;14.59449711;21.5346057;114.2912003;51.72502974;0.717590972;0.305037077;12.74692237;34.50993023;0.942343889;10.05236163;0.80770494;#диаия./0!;0.18954993;4.052456346;0.557274365;0.618013359;8.899602315;21.35930625;82.47443293;45.64681537;2.343328891;0.052190438;0.045610804;0.076145253;0.13018098;10.21147975;37.46511062;27.06024936;0.514917481;1.180681686;71.17654834;6.430923309;1.477004101;0.861947104;1.347869961;0.669808515;0.430139163;1.312516513;10.89164447;9.013881377;6.818584735;18.28231552;0.621147977;#диаия./0!;4.276595972;1.28476319;25.65841321;70.45974987;0.164972944;0.59315722;0.062919904;0.200889882;10.17180173;59.15615485;42.98911261;0.82758575;200.3205128;6.437575824;33.02489133;0.163185778;3.036437247;49.0371211;112.3992421;0.182638795;1.387560214;5.577587024;0.301907117;294.0035045;69.96921355;0.830594238;0.701598803;0.121705315;7.194412819;0.413109723;0.111769008;0.201844536;1.691846512;0.502831081;152.8074903;62.20950383;0.255955484;0.285703543;0.758469257;5.029826873;1.099571717;1.164264304;4.065038585;1.382659173;150.3787665;#диаия./0!;#диаия./0!;#диаия./0!;#диаия./0!;199.960008;99.2358837;129.1422373;#диаия./0!;;;;;;
8;0.015105619;0.078019575;4.229069304;0.335897702;0.200573129;0.055346267;0.020546838;1.709301781;0.076600752;0.034320849;0.247172967;0.105982292;0.470590376;0.059812315;0.046700059;0.143225536;0.180481959;0.505540624;0.018251326;0.002173906;0.049618085;0.099017107;0.013704782;0.044191726;0.021388188;0.086284084;0.009771885;1.654900818;0.293021188;0.462132035;0.646404488;1.174944082;0.025688222;28.79684998;13.11300058;0.114022371;2.192305641;6.470531006;2.331675771;0.022635461;0.018818268;0.752036703;0.863470534;0.479990631;10.32973815;0.207925161;2.261530981;618.903068;1.726459126;4.785562448;0.634966124;126.0099108;0.367337928;0.046535887;0.829491234;0.004851082;3.645358466;3.195000463;25.48290097;2.776762524;0.793513413;0.887646009;0.337468105;0.460918278;2.894766552;0.069463838;2.942125739;12.94247072;3.181002207;0.054185035;0.430862744;0.238892585;0.376141362;0.680051439;0.098009102;0.02286563;1.345706797;26.2274444;0.819095797;0.592285782;40.93076561;101.2453174;29.68151732;3.352821353;42.8103195;0.286635904;#диаия./0!;1.295994857;0.075341306;0.255488628;4.515011235;0.849209147;4.005781602;5.861190166;0.120791562;1.248439451;40.7661315;23.98305198;16.740212;7.339771704;24.04984608;0.030360184;0.841215287;5.701589231;17.72188935;27.33238415;123.4344963;51.72502974;0.717590972;1.525185386;15.99159352;34.50993023;1.028011515;13.40314885;0.908668057;#диаия./0!;0.227459916;4.390161041;1.161976335;0.97116385;8.899602315;39.15872812;112.4651358;45.64681537;2.609616266;0.078285657;0.045610804;0.076145253;0.13018098;10.21147975;46.83138827;31.66624925;0.611464509;1.180681686;71.17654834;35.01280468;2.461673502;0.861947104;1.797159948;0.948895396;0.430139163;1.312516513;10.89164447;9.013881377;6.818584735;18.28231552;0.621147977;#диаия./0!;4.276595972;1.28476319;40.32036362;70.45974987;0.412432361;0.59315722;0.062919904;0.200889882;10.17180173;62.63592866;74.83289973;1.241378625;200.3205128;6.744127053;37.74273295;0.652743112;11.13360324;49.0371211;240.8555188;0.182638795;2.004253643;5.577587024;0.301907117;341.0440652;69.96921355;0.938932617;0.701598803;0.121705315;8.993016024;0.413109723;0.111769008;0.33640756;1.691846512;0.655866628;152.8074903;79.98364779;0.255955484;0.514266378;0.758469257;7.54474031;1.237018181;1.45533038;4.573168408;1.530801227;150.3787665;#диаия./0!;#диаия./0!;#диаия./0!;#диаия./0!;199.960008;99.2358837;129.1422373;#диаия./0!;;;;;;
9;0.015105619;0.078019575;5.65612834;0.377884915;0.200573129;0.086972706;0.020546838;2.222092315;0.091920902;0.034320849;0.247172967;0.105982292;0.470590376;0.059812315;0.046700059;0.143225536;0.180481959;0.505540624;0.027376989;0.002173906;0.049618085;0.099017107;0.013704782;0.044191726;0.042776377;0.086284084;0.009771885;2.916911514;0.586042375;0.808731061;0.795574755;2.349888165;0.025688222;28.79684998;13.11300058;0.27365369;2.435895156;10.39906769;3.219933207;0.022635461;0.018818268;1.002715605;2.974176283;0.479990631;16.04798606;0.311887742;7.538436604;618.903068;3.970855989;7.470146261;0.634966124;146.5231521;0.367337928;0.046535887;1.036864042;0.004851082;3.847878381;4.792500695;25.48290097;5.206429732;0.850192943;0.887646009;0.337468105;0.460918278;2.894766552;0.098711769;4.020905176;12.94247072;4.241336275;0.081277553;0.574483659;0.238892585;0.420393287;1.203167931;0.098009102;0.02286563;1.345706797;26.2274444;1.294699808;0.592285782;40.93076561;101.2453174;29.68151732;3.962425236;67.82309044;0.404662453;#диаия./0!;1.295994857;0.075341306;0.43236537;5.103925743;1.152498128;5.264741534;8.059136478;0.120791562;1.248439451;47.56048675;23.98305198;23.4362968;7.483688797;24.04984608;0.048576295;1.121620383;5.701589231;19.11184145;38.099687;128.0061443;51.72502974;0.956787963;1.830222464;19.93155134;34.50993023;1.028011515;15.63700699;1.21155741;#диаия./0!;0.341189875;5.065570432;2.276525065;1.412601963;8.899602315;53.39826562;132.4589377;45.64681537;2.822646165;0.078285657;0.045610804;0.152290506;0.13018098;10.21147975;46.83138827;45.48424892;0.740193879;1.180681686;71.17654834;35.72735172;2.461673502;3.447788416;2.246449935;1.060530149;0.430139163;1.46693022;10.89164447;9.013881377;8.523230918;18.28231552;0.621147977;#диаия./0!;6.414893958;1.374397831;87.97170244;88.07468733;0.494918833;0.59315722;0.062919904;0.200889882;12.71475216;62.63592866;82.79384651;1.241378625;1001.602564;6.744127053;63.69086186;0.87032415;11.13360324;52.53977261;272.969588;0.182638795;2.004253643;5.577587024;0.301907117;376.3244858;69.96921355;0.938932617;0.701598803;0.152131644;8.993016024;0.413109723;0.111769008;0.470970584;3.383693025;0.72145329;152.8074903;79.98364779;0.255955484;0.571407087;0.758469257;7.54474031;1.374464646;1.45533038;4.573168408;1.77770465;169.1761123;#диаия./0!;#диаия./0!;#диаия./0!;#диаия./0!;;;;;;;;;;
10;0.021147867;0.21455383;6.810142487;0.419872128;0.27220639;0.118599144;0.061640514;2.73488285;0.091920902;0.034320849;0.247172967;0.105982292;0.509806241;0.059812315;0.046700059;0.143225536;0.180481959;0.505540624;0.027376989;0.002173906;0.049618085;0.099017107;0.013704782;0.044191726;0.042776377;0.086284084;0.009771885;4.619435377;1.465105938;1.155330086;0.870159888;2.937360206;0.025688222;30.55992242;13.11300058;0.27365369;2.435895156;13.17215241;4.552319362;0.027162553;0.06115937;1.002715605;4.317352668;1.439971892;19.92163787;0.467831612;7.538436604;677.8462173;3.970855989;10.97177732;0.634966124;146.5231521;0.367337928;0.054291868;1.036864042;0.004851082;4.252918211;4.792500695;25.48290097;6.247715679;0.850192943;1.084900678;0.337468105;0.460918278;3.828562213;0.12430371;5.78618062;12.94247072;5.301670344;0.135462588;0.603207842;0.238892585;0.420393287;1.203167931;0.098009102;0.02286563;1.966802241;26.2274444;1.796726264;1.353796074;61.39614841;101.2453174;29.68151732;5.486434942;87.06368348;0.640715551;#диаия./0!;1.295994857;0.075341306;0.668201027;5.30023058;1.304142618;5.49364334;9.890758405;0.120791562;1.248439451;67.9435525;39.97175329;36.8284664;9.64244518;24.04984608;0.060720368;1.26182293;7.436855519;20.50179356;40.5844492;155.4360324;77.58754461;1.578700139;1.830222464;25.26208252;63.26820543;1.285014393;31.27401398;2.423114819;#диаия./0!;0.341189875;5.403275128;4.256627596;1.854040077;8.899602315;64.07791875;144.9550639;45.64681537;3.195448488;0.095682469;0.045610804;0.152290506;0.278959242;10.21147975;84.29649889;46.63574889;0.86892325;1.574242248;71.17654834;36.44189875;2.707840852;3.447788416;2.246449935;1.116347525;0.430139163;2.779446733;16.33746671;9.013881377;8.523230918;24.37642069;0.621147977;#диаия./0!;6.414893958;1.493910686;131.9575537;105.6896248;0.494918833;0.59315722;0.062919904;0.200889882;12.71475216;62.63592866;109.8610656;1.241378625;1001.602564;8.889985661;73.91285203;1.196695706;12.14574899;52.53977261;272.969588;0.182638795;2.929293786;5.577587024;0.603814234;493.9258876;139.9384271;1.408398926;1.315497756;0.212984302;10.79161923;0.743597502;0.111769008;0.470970584;3.383693025;0.72145329;166.6990804;79.98364779;0.255955484;0.571407087;0.758469257;7.54474031;1.374464646;1.600863418;7.621947347;1.925846705;169.1761123;#диаия./0!;#диаия./0!;#диаия./0!;;;;;;;;;;;
11;0.024168991;0.234058724;8.261518498;0.419872128;0.27220639;0.158132192;0.061640514;3.076743206;0.091920902;0.034320849;0.308966209;0.132477865;0.509806241;0.059812315;0.046700059;0.143225536;0.180481959;0.707756874;0.027376989;0.002173906;0.049618085;0.099017107;0.013704782;0.117844603;0.042776377;0.086284084;0.009771885;7.060116439;1.90463772;1.155330086;0.870159888;3.13318422;0.025688222;32.32299487;13.58132203;0.387676061;2.679484672;24.72667206;6.106769876;0.027162553;0.06115937;1.002715605;4.413293839;1.439971892;27.11556265;0.467831612;7.538436604;1060.976688;6.042606939;15.46553718;0.634966124;169.9668565;0.367337928;0.054291868;1.036864042;0.009702164;6.885677103;7.987501158;25.48290097;8.330287572;0.963552002;1.084900678;0.337468105;0.460918278;8.497540522;0.12430371;5.78618062;12.94247072;5.301670344;0.162555106;1.292588233;0.238892585;0.685904837;2.249400914;0.098009102;0.068596889;3.105477223;104.9097776;2.721511842;1.523020583;184.1884452;101.2453174;29.68151732;7.315246589;105.3422469;0.859907713;#диаия./0!;1.295994857;0.150682613;1.061260454;6.87066927;2.608285236;6.29479966;11.53921814;0.120791562;1.248439451;86.06183316;42.63653685;36.8284664;13.24037249;24.04984608;0.085008516;1.542228026;7.436855519;22.23923369;55.49302237;171.4368004;103.4500595;1.913575927;1.830222464;31.75142482;80.52317054;1.627684898;50.26180817;2.423114819;#диаия./0!;0.530739805;5.403275128;7.944123925;3.090066795;24.15606343;64.07791875;154.9519649;76.07802562;3.301963438;0.095682469;0.045610804;0.304581013;0.297556525;30.63443924;84.29649889;46.63574889;1.705664157;2.754923935;71.17654834;40.72918096;2.954008202;3.447788416;2.695739922;1.172164901;0.430139163;3.088274147;16.33746671;9.013881377;11.93252329;36.56463103;0.621147977;#диаия./0!;6.414893958;1.792692823;131.9575537;105.6896248;0.494918833;0.59315722;0.125839808;0.217630705;22.8865539;83.51457155;130.5595272;1.241378625;1001.602564;8.889985661;80.20330752;1.523067262;14.17004049;52.53977261;353.2547609;0.182638795;3.700160572;5.577587024;0.603814234;576.2468689;139.9384271;1.552850097;1.315497756;0.212984302;10.79161923;1.115396252;0.111769008;0.470970584;4.229616281;0.96193772;166.6990804;79.98364779;0.319944355;0.571407087;0.758469257;7.54474031;1.374464646;1.600863418;9.146336816;2.024608074;169.1761123;;;;;;;;;;;;;;
12;0.024168991;0.292573404;11.55403689;0.419872128;0.27220639;0.158132192;0.082187351;3.076743206;0.091920902;0.034320849;0.37075945;0.132477865;0.549022105;0.059812315;0.046700059;0.155160997;0.180481959;0.707756874;0.027376989;0.002173906;0.049618085;0.099017107;0.013704782;0.117844603;0.042776377;0.086284084;0.009771885;11.64383453;1.90463772;1.386396104;0.994468443;3.13318422;0.025688222;35.26144895;13.58132203;0.387676061;2.923074187;30.96611267;8.771542186;0.027162553;0.094091338;3.258825715;7.00370544;1.439971892;32.46489134;0.779719354;7.538436604;1060.976688;15.53813213;18.73372617;0.952449186;202.2019499;0.367337928;0.054291868;1.036864042;0.009702164;8.708356336;11.18250162;25.48290097;90.93897266;0.963552002;1.084900678;1.34987242;0.460918278;8.777679221;0.252263411;10.98393609;12.94247072;9.012839585;0.189647624;2.470279734;0.597231462;0.752282724;3.191010599;0.098009102;0.068596889;3.312509038;104.9097776;3.144270963;1.523020583;225.1192109;101.2453174;29.68151732;7.620048531;121.6967509;1.045378004;#диаия./0!;1.295994857;0.376706532;1.277443139;8.048498288;3.548481077;7.439308689;13.18767787;0.120791562;1.248439451;86.06183316;50.63088751;36.8284664;13.52820667;24.04984608;0.103224626;1.542228026;12.14686401;24.32416185;55.49302237;178.2942724;103.4500595;3.061721483;3.050370773;46.35244499;184.0529612;2.05602303;71.48346051;2.625041054;#диаия./0!;0.530739805;6.416389214;14.65513011;3.531504908;25.42743519;88.99710937;154.9519649;91.29363075;3.834538186;0.104380876;0.068416206;0.304581013;0.464932071;30.63443924;112.3953318;54.40837371;2.99295786;2.754923935;71.17654834;42.87282206;3.200175552;3.447788416;2.695739922;1.33961703;0.430139163;3.165481001;16.33746671;9.013881377;13.63716947;36.56463103;0.621147977;#диаия./0!;8.553191944;2.240866028;131.9575537;176.1493747;0.494918833;0.59315722;0.188759712;0.217630705;25.42950433;90.47411918;133.7439059;1.241378625;1001.602564;12.87515165;84.1348422;1.577462521;18.21862348;52.53977261;433.5399338;0.304397991;4.625200714;5.577587024;0.603814234;705.6084109;139.9384271;2.058429199;1.315497756;0.212984302;10.79161923;1.115396252;0.111769008;0.538252096;4.229616281;0.96193772;166.6990804;88.87071976;0.319944355;0.914251338;0.758469257;10.05965375;1.374464646;2.619594685;;;;;;;;;;;;;;;;;
13;0.033232362;0.292573404;13.69809929;0.419872128;0.27220639;0.158132192;0.082187351;4.102324274;0.091920902;0.034320849;0.37075945;0.185469012;0.58823797;0.059812315;0.046700059;0.155160997;0.180481959;0.808864999;0.027376989;0.002173906;0.049618085;0.099017107;0.013704782;0.132575178;0.042776377;0.086284084;0.009771885;17.87054768;1.90463772;1.73299513;1.342532398;3.13318422;0.025688222;49.95371935;14.2838042;0.433285009;2.923074187;38.93873124;11.54734668;0.027162553;0.117614173;3.760183517;7.00370544;1.439971892;37.81422003;0.779719354;9.046123924;1503.050308;45.23322909;22.29371775;0.952449186;249.0893586;1.102013783;0.062047849;1.036864042;0.009702164;8.708356336;30.3525044;50.96580195;90.93897266;0.963552002;1.479410015;2.69974484;0.460918278;13.16651883;0.35097518;16.573975;12.94247072;13.7843429;0.460572801;2.958590844;0.597231462;0.995668312;3.871062038;0.784072815;0.068596889;4.03712039;104.9097776;4.676772776;1.692245092;368.3768905;303.7359522;29.68151732;7.924850472;132.2790771;1.045378004;#диаия./0!;1.295994857;0.376706532;1.827726337;9.815241814;4.397690224;9.499424941;19.23203023;0.120791562;1.248439451;120.0336094;61.29002172;36.8284664;18.27747071;24.04984608;0.121440737;1.822633122;16.36108214;26.40909001;69.57334148;189.7233924;103.4500595;3.587954862;3.050370773;72.5415764;184.0529612;2.313025908;79.30196401;3.028893524;#диаия./0!;0.947749652;6.416389214;18.12920221;4.23780589;6.356858796;88.99710937;182.4434425;121.724841;4.313855459;0.104380876;0.068416206;0.304581013;0.520723919;30.63443924;159.2267201;62.46887352;4.24806922;3.148484497;71.17654834;46.44555723;3.762843781;5.171682624;3.145029909;1.395434407;0.645208744;3.860342684;16.33746671;9.013881377;13.63716947;36.56463103;0.621147977;#диаия./0!;8.553191944;2.629282807;183.2743801;176.1493747;0.494918833;0.59315722;0.188759712;0.234371529;25.42950433;114.8325359;135.3360953;1.655171501;1001.602564;14.4079078;100.6472879;1.903834077;18.21862348;56.04242412;513.8251068;0.426157187;4.933547429;5.577587024;0.754767793;799.6895323;373.1691389;2.058429199;1.403197607;0.243410631;10.79161923;3.057011951;0.111769008;0.538252096;6.203437212;0.983799941;166.6990804;106.6448637;0.319944355;0.914251338;0.758469257;10.05965375;;;;;;;;;;;;;;;;;;;
14;0.033232362;0.312078298;16.47092919;0.461859341;0.358166302;0.173945411;0.082187351;4.786044987;0.091920902;0.034320849;0.37075945;0.185469012;0.58823797;0.059812315;0.046700059;0.167096459;0.180481959;0.808864999;0.027376989;0.002173906;0.049618085;0.099017107;0.013704782;0.132575178;0.042776377;0.086284084;0.009771885;27.81185835;2.344169501;2.310660173;1.491702665;3.13318422;0.102752889;49.95371935;14.98628638;0.456089483;2.923074187;43.21390351;14.54521552;0.072433476;0.145841574;3.760183517;8.538764166;3.359934414;73.78384396;1.299532257;12.06149857;1827.237629;76.30949335;29.35534038;1.269932248;301.8376934;1.102013783;0.093071774;1.036864042;0.009702164;18.22679233;54.31500788;50.96580195;111.070501;1.587026827;1.479410015;6.074425891;1.014020212;17.64873801;0.427751001;24.0273602;12.94247072;15.90501103;0.758590496;2.958590844;1.433355509;1.239053899;8.10830562;1.666154732;0.160059407;5.175795372;183.5921108;6.288541925;2.030694111;961.8729918;303.7359522;89.04455196;11.58247377;132.2790771;1.955868524;#диаия./0!;1.295994857;0.489718492;2.00460308;13.5450337;7.096962154;11.788443;22.5289497;0.120791562;1.248439451;144.9462453;85.27307369;50.22063599;23.45848604;24.04984608;0.151800921;2.523645861;19.83161472;30.92643435;78.6841362;201.1525125;129.3125744;4.736100418;3.050370773;79.9579676;207.0595814;2.484361161;104.9913326;3.028893524;#диаия./0!;2.767428983;7.091798605;22.19611939;5.032394495;6.356858796;106.7965312;182.4434425;121.724841;5.911579704;0.104380876;0.068416206;0.304581013;0.576515768;71.48035822;262.2557743;68.51424837;4.408980933;3.148484497;71.17654834;47.16010427;3.762843781;7.757523936;3.145029909;1.562886535;0.645208744;4.169170099;16.33746671;9.013881377;13.63716947;48.75284138;0.621147977;#диаия./0!;8.553191944;3.107334226;230.9257189;176.1493747;0.494918833;0.59315722;0.188759712;0.234371529;27.97245476;114.8325359;144.8892314;1.655171501;1001.602564;16.40049079;112.4418919;1.903834077;30.36437247;56.04242412;513.8251068;0.426157187;4.933547429;5.577587024;0.754767793;1117.213317;419.8152813;2.130654785;1.403197607;0.243410631;10.79161923;4.048475286;0.111769008;0.605533608;6.203437212;1.049386604;194.4822604;106.6448637;0.319944355;0.914251338;0.758469257;;;;;;;;;;;;;;;;;;;;
15;0.033232362;0.370592979;19.06450825;0.461859341;0.358166302;0.173945411;0.102734189;4.786044987;0.091920902;0.034320849;0.494345934;0.185469012;0.58823797;0.059812315;0.046700059;0.167096459;0.180481959;0.808864999;0.027376989;0.002173906;0.049618085;0.099017107;0.013704782;0.132575178;0.042776377;0.086284084;0.009771885;34.78863446;3.223233064;4.27472132;1.491702665;3.13318422;0.102752889;55.83062751;14.98628638;0.456089483;3.410253219;56.7326915;20.20785668;0.086014753;0.178773543;6.016293627;9.498175871;3.359934414;110.3068467;2.339158062;12.06149857;2033.538652;106.1772362;29.35534038;2.857347558;392.6820477;2.204027567;0.093071774;1.036864042;0.009702164;26.12506901;81.47251181;50.96580195;116.9711213;1.587026827;2.26842869;8.774170731;1.014020212;23.62503024;0.489902855;32.46145398;25.88494144;18.02567917;0.785683013;3.389453589;1.433355509;1.504565449;10.51464148;3.332309465;0.320118813;6.003922632;734.3684431;6.632033711;2.453755384;1186.992203;303.7359522;237.4521386;19.2025223;137.5702402;2.529140333;#диаия./0!;2.591989715;0.753413065;2.515580335;17.47113043;7.096962154;15.45087189;25.0932204;1.087124054;1.248439451;165.3293111;85.27307369;60.26476319;26.91249625;24.04984608;0.163944995;3.084456052;23.30214729;36.13875475;96.07747157;208.0099845;206.900119;5.453691391;3.050370773;79.9579676;207.0595814;2.741364039;123.9791268;3.634672229;#диаия./0!;3.032798886;8.780322082;28.84784106;5.915270722;6.356858796;106.7965312;182.4434425;121.724841;7.988621221;0.139174501;0.068416206;0.609162025;0.576515768;71.48035822;309.0871626;78.87774813;4.537710304;3.148484497;81.34462668;52.87648054;4.184844953;7.757523936;3.145029909;1.897790793;1.075347907;4.632411221;16.33746671;9.013881377;13.63716947;48.75284138;0.621147977;#диаия./0!;8.553191944;4.302462775;230.9257189;176.1493747;0.494918833;0.59315722;0.188759712;0.318075646;35.60130606;118.3123097;173.5486398;1.655171501;1001.602564;17.01359325;126.5954168;1.958229336;33.40080972;63.04772713;561.9962105;0.487036785;6.321107643;7.808621834;0.754767793;1340.655981;536.4306372;2.527895507;1.578597308;0.243410631;10.79161923;4.957316677;0.111769008;0.605533608;8.177258143;1.049386604;;;;;;;;;;;;;;;;;;;;;;;;;
16;0.033232362;0.448612554;21.25095167;0.671795405;0.358166302;0.173945411;0.102734189;5.127905343;0.168521653;0.034320849;0.494345934;0.185469012;0.58823797;0.059812315;0.046700059;0.190967381;0.180481959;0.808864999;0.027376989;0.002173906;0.049618085;0.099017107;0.013704782;0.132575178;0.042776377;0.086284084;0.009771885;41.82493938;3.223233064;4.967919372;1.765181487;3.524832247;0.128441111;64.64598974;16.15709;0.456089483;4.628200797;75.33546815;27.31391617;0.090541845;0.244637479;6.016293627;9.498175871;3.359934414;129.4906461;2.547083223;59.55364917;2357.725973;138.289376;46.9218562;2.857347558;457.1522346;2.938703422;0.20165551;1.24423685;0.009702164;26.12506901;94.25251367;50.96580195;139.1852215;2.097142592;2.761565362;17.54834146;1.014020212;27.82711072;0.628830531;43.93574437;504.756358;25.97818469;1.029515672;4.911835285;1.552801801;1.747951036;12.4501725;5.096473299;0.320118813;7.556661243;734.3684431;9.379967998;3.29987793;1473.507562;303.7359522;296.8151732;27.12737277;164.0260556;3.405908982;#диаия./0!;2.591989715;1.017107637;3.851982388;22.96766585;9.644589595;19.5711044;32.6028703;1.932664986;1.248439451;203.8306575;117.2504763;60.26476319;28.92733554;24.04984608;0.200377216;3.084456052;27.02057505;42.74102725;102.7035041;237.7256965;206.900119;6.984552132;3.050370773;102.6706656;264.5761318;3.683707928;150.7854245;5.250082108;#диаия./0!;3.639358663;8.780322082;43.02869511;7.063009817;6.356858796;106.7965312;254.9209745;121.724841;12.14270426;0.139174501;0.11402701;0.609162025;0.706696748;71.48035822;430.8487721;87.51399792;4.891716072;4.329166183;81.34462668;55.73466868;4.184844953;7.757523936;3.145029909;1.897790793;1.075347907;5.404479758;49.01240014;9.013881377;13.63716947;48.75284138;0.621147977;#диаия./0!;8.553191944;4.451853843;300.5699833;176.1493747;0.74237825;0.59315722;0.314599519;0.318075646;35.60130606;118.3123097;195.8392908;1.655171501;1001.602564;17.77997132;132.8858723;2.121415114;40.48582996;63.04772713;561.9962105;0.487036785;7.091974429;7.808621834;0.754767793;1481.777663;536.4306372;2.527895507;1.753997008;0.304263289;12.59022243;5.948780013;0.111769008;0.605533608;;;;;;;;;;;;;;;;;;;;;;;;;;;
17;0.033232362;0.468117447;23.69862888;0.671795405;0.358166302;0.19766524;0.133554446;5.640695877;0.168521653;0.034320849;0.556139176;0.185469012;0.58823797;0.059812315;0.046700059;0.190967381;0.180481959;0.808864999;0.027376989;0.002173906;0.049618085;0.099017107;0.013704782;0.132575178;0.042776377;0.086284084;0.019543769;56.5166488;4.688339002;7.047513527;1.765181487;3.524832247;0.179817555;114.5997091;16.85957217;0.54730738;4.628200797;75.33546815;33.53171823;0.126758583;0.710389604;6.266972528;18.22882238;6.719868828;183.7217715;4.626334834;86.69202094;2357.725973;142.7781697;55.96773644;2.857347558;501.1091803;4.408055133;0.317995227;1.658982467;0.009702164;34.2258656;123.0075178;178.3803068;152.3748435;3.287412712;2.761565362;26.32251219;1.935856769;36.97830821;0.829910061;43.93574437;504.756358;37.64185944;1.327533367;4.911835285;1.851417532;2.146218361;12.4501725;6.762628032;0.365850073;8.798852133;734.3684431;11.22953915;4.569061749;1637.230624;303.7359522;296.8151732;28.34658053;184.2286783;4.046624533;#диаия./0!;2.591989715;1.50682613;4.539836386;26.30484806;11.00939001;25.40810045;33.88500565;1.932664986;1.248439451;242.3320039;141.2335283;66.96084799;31.37392611;24.04984608;0.236809437;3.785468791;30.986898;50.73325186;109.3295366;249.1548166;284.4876636;7.271588521;3.35540785;129.3233215;379.6092326;5.2257252;161.9547152;6.865491988;#диаия./0!;3.828908593;8.780322082;67.56062407;10.5062271;10.17097407;106.7965312;264.9178755;121.724841;15.12512285;0.182666533;0.136832412;1.218324051;0.781085879;71.48035822;468.3138827;89.24124788;4.891716072;4.329166183;81.34462668;58.59285682;4.747513182;7.757523936;3.145029909;2.009425545;1.075347907;5.404479758;49.01240014;9.013881377;13.63716947;67.03515689;0.621147977;#диаия./0!;8.553191944;5.139052758;344.5558345;176.1493747;1.072324139;1.186314439;0.314599519;0.33481647;53.40195909;160.0695955;229.2752672;1.655171501;1201.923077;19.92582993;146.2530902;2.121415114;49.5951417;59.54507562;561.9962105;0.547916384;8.633708;13.38620886;0.754767793;;;;;;;;;;;;;;;;;;;;;;;;;;;;;;;;;;;;
18;0.033232362;0.468117447;25.57728887;0.713782618;0.458452867;0.19766524;0.133554446;6.837207124;0.168521653;0.034320849;0.556139176;0.185469012;0.58823797;0.059812315;0.046700059;0.190967381;0.180481959;0.808864999;0.027376989;0.002173906;0.049618085;0.099017107;0.013704782;0.132575178;0.042776377;0.086284084;0.019543769;69.32724793;4.688339002;7.047513527;1.765181487;3.524832247;0.179817555;114.5997091;18.73285797;0.592916328;7.7948645;131.6059789;55.9602185;0.14033986;0.710389604;7.520367034;21.87458685;6.719868828;201.0609748;6.393698703;128.9072659;2976.629041;149.1660684;66.23918755;3.809796744;527.4833476;6.244744772;0.411067;1.658982467;0.009702164;45.161941;223.6500324;178.3803068;152.3748435;6.291427777;2.761565362;28.34732082;1.935856769;43.32811871;1.137013343;76.9856235;685.950948;45.59436496;1.706828615;7.87042613;1.851417532;2.832123198;22.70325574;8.330773662;0.663103256;10.66213847;970.4154427;14.16243055;5.076735277;1882.815218;303.7359522;296.8151732;38.40504459;199.1401379;4.619896342;#диаия./0!;2.591989715;2.109556581;5.443873069;31.01616413;11.97991475;28.49827482;34.06816784;2.174248109;1.248439451;249.1263592;151.8926625;77.00497519;34.82793632;24.04984608;0.236809437;5.187494269;36.93638241;60.4629166;120.9250935;260.5839366;284.4876636;8.61109167;3.35540785;156.2077396;506.1456434;6.339404341;204.3980199;9.591496159;#диаия./0!;3.828908593;10.13114086;87.76478402;12.27197956;10.17097407;128.1558375;264.9178755;182.5872615;16.08375739;0.200063345;0.136832412;1.67519557;0.929864142;71.48035822;468.3138827;97.30174769;5.181357155;4.329166183;101.6807833;62.16559199;4.747513182;7.757523936;7.188639793;2.121060298;1.290417489;5.790514026;70.79568909;9.013881377;15.34181565;67.03515689;0.621147977;#диаия./0!;10.69148993;5.407956682;344.5558345;176.1493747;1.072324139;1.186314439;0.314599519;0.33481647;61.03081039;177.4684645;277.0409479;1.655171501;1201.923077;22.07168854;154.1161596;2.121415114;50.60728745;;;;;;;;;;;;;;;;;;;;;;;;;;;;;;;;;;;;;;;;;;
19;0.033232362;0.487622341;27.67202256;0.75576983;0.458452867;0.205571849;0.143827865;7.691858014;0.168521653;0.034320849;0.556139176;0.185469012;0.58823797;0.059812315;0.046700059;0.190967381;0.180481959;0.909973123;0.027376989;0.002173906;0.049618085;0.099017107;0.013704782;0.132575178;0.042776377;0.086284084;0.019543769;78.17322856;6.006934346;8.664975649;2.511032819;3.720656261;0.179817555;114.5997091;18.73285797;0.843765544;9.256401593;157.0259221;72.72607762;0.239935889;0.76213984;8.272403737;31.75652741;6.719868828;225.2251837;6.809549025;154.5379504;3212.401639;157.7983641;82.46341146;3.809796744;644.7018693;9.183448194;0.635990453;2.488473701;0.014553245;59.13581512;324.292547;178.3803068;156.8870826;11.27922637;4.339602711;38.80883208;3.134244292;64.80541893;1.349060848;100.0322751;970.6853038;58.84854082;2.086123863;9.881118937;2.269479555;3.495902073;28.0913556;8.330773662;1.074684588;13.56058388;970.4154427;16.75183017;6.345919096;2353.519023;303.7359522;445.2227598;41.45306401;212.608553;6.778096094;#диаия./0!;2.591989715;2.486263114;7.428823178;34.74595602;12.61682161;34.67862358;37.36508731;2.415831232;4.993757803;292.1572757;175.8757145;93.74518719;37.99411235;24.04984608;0.267169621;5.74830446;43.87744756;64.63277292;134.1771586;262.8697606;284.4876636;9.90275542;3.660444927;182.1651088;557.9105388;6.939077725;204.3980199;11.10594292;#диаия./0!;6.255147702;10.80655026;109.28506;15.00889586;10.17097407;128.1558375;284.9116774;213.0184717;18.26731386;0.226158564;0.159637814;1.67519557;1.097239687;71.48035822;515.145271;97.30174769;6.275556803;5.509847869;101.6807833;64.30923309;5.028847297;7.757523936;8.087219767;2.176877674;1.290417489;6.330962002;70.79568909;9.013881377;17.04646184;67.03515689;0.621147977;#диаия./0!;10.69148993;6.125033811;425.1965618;176.1493747;1.319783555;1.384033513;0.440439327;0.33481647;61.03081039;180.9482384;320.0300605;1.655171501;;;;;;;;;;;;;;;;;;;;;;;;;;;;;;;;;;;;;;;;;;;;;;;
20;0.033232362;0.526632128;29.4263186;0.75576983;0.458452867;0.205571849;0.154101284;8.033718371;0.168521653;0.034320849;0.587035796;0.185469012;0.58823797;0.059812315;0.046700059;0.190967381;0.180481959;0.909973123;0.027376989;0.002173906;0.049618085;0.099017107;0.013704782;0.132575178;0.042776377;0.086284084;0.019543769;85.25715653;8.937146223;9.127107683;2.734788219;3.720656261;0.282570444;123.4150713;24.35271536;1.09461476;11.93588627;254.1994324;95.48767443;0.615684546;0.940913382;8.272403737;31.75652741;8.63983135;245.88466;8.213043863;169.6148236;3212.401639;168.6750566;99.50468261;5.397212054;732.6157606;9.918124049;0.721306246;4.147456168;0.038808654;112.8035925;535.1625776;178.3803068;159.6638451;20.80138733;4.339602711;45.89566229;6.637223207;77.78517863;1.645196156;125.5306982;1138.937423;65.74071227;2.600881699;11.25987972;2.806987871;5.885506021;33.06096227;10.97701941;1.669190956;17.28715654;1337.599664;19.79041135;7.530490661;2414.915171;303.7359522;445.2227598;50.59712224;230.8871164;9.340958298;#диаия./0!;2.591989715;2.825298993;9.236896543;39.45727209;14.55787109;43.94914672;39.56303362;2.778205917;4.993757803;303.4812012;175.8757145;93.74518719;42.16770803;29.59981056;0.291457768;7.290532486;49.33114161;68.45514121;148.2574777;274.2988806;284.4876636;10.62034639;3.660444927;208.8177647;621.1787442;8.309759744;250.1921118;14.03387333;#диаия./0!;6.36887766;12.15736904;128.3746713;16.42149782;15.25646111;131.7157219;312.403155;334.7433127;20.23784043;0.252253783;0.159637814;2.284357595;1.506379909;71.48035822;515.145271;100.7562476;6.565197886;5.509847869;101.6807833;67.16742123;5.13434759;7.757523936;9.435089728;2.623416684;1.290417489;6.485375709;70.79568909;18.02776275;17.04646184;67.03515689;1.656394605;#диаия./0!;11.40425593;6.782354513;469.182413;193.7643121;1.319783555;1.977190732;0.440439327;0.33481647;71.20261212;;;;;;;;;;;;;;;;;;;;;;;;;;;;;;;;;;;;;;;;;;;;;;;;;;
21;0.036253486;0.546137022;30.83809268;0.75576983;0.472779519;0.205571849;0.154101284;8.546508905;0.168521653;0.034320849;0.587035796;0.185469012;0.58823797;0.059812315;0.046700059;0.190967381;0.180481959;0.909973123;0.027376989;0.002173906;0.049618085;0.099017107;0.013704782;0.132575178;0.042776377;0.086284084;0.029315654;95.74613221;8.937146223;11.55330086;2.883958486;4.308128302;0.411011554;125.7658346;26.22600116;1.231441605;13.88460239;254.1994324;113.0307588;1.06839377;1.510165979;8.523082639;37.12923295;12.4797564;269.8644093;9.56455741;194.4916644;3507.117385;182.4867296;119.6974217;5.397212054;967.052804;13.2241654;0.915205774;5.806438635;0.038808654;138.3211018;773.1901121;280.3119107;163.1347983;28.67984194;5.22724872;53.99489681;10.32456943;92.91266835;1.879179609;156.9133727;1462.499191;73.69321779;3.115639535;14.67805749;4.001450795;6.659914708;39.02449027;12.44715594;1.669190956;19.35747469;1337.599664;23.806623;9.645797026;2496.776702;303.7359522;445.2227598;53.64514166;253.975828;11.95440331;#диаия./0!;2.591989715;2.825298993;9.649608942;45.34641718;17.5907609;43.94914672;41.39465555;2.778205917;4.993757803;314.8051266;215.8474678;93.74518719;47.63655753;29.59981056;0.291457768;7.851342678;57.2637875;73.6674616;177.24637;288.0138247;284.4876636;11.76849195;3.660444927;229.2128405;810.9833605;9.166436007;275.8814804;14.23579956;#диаия./0!;6.785887507;12.15736904;160.4357326;18.71697601;24.15606343;131.7157219;319.9008307;426.0369435;23.16700154;0.252253783;0.182443216;3.959553164;2.045701112;91.90331771;561.9766592;106.2258725;6.597380229;5.509847869;101.6807833;70.02560937;5.38051494;7.757523936;9.435089728;2.790868813;1.290417489;6.871409978;70.79568909;27.04164413;17.04646184;67.03515689;1.656394605;#диаия./0!;11.40425593;7.947604847;491.1753386;;;;;;;;;;;;;;;;;;;;;;;;;;;;;;;;;;;;;;;;;;;;;;;;;;;;;;;;
22;0.036253486;0.546137022;31.09724215;0.75576983;0.472779519;0.221385069;0.164374703;9.91395033;0.168521653;0.034320849;0.679725659;0.185469012;0.58823797;0.059812315;0.046700059;0.190967381;0.180481959;0.909973123;0.027376989;0.002173906;0.330787231;0.099017107;0.013704782;0.132575178;0.042776377;0.086284084;0.146578271;107.1518515;11.28131572;14.55715909;3.082852174;4.308128302;0.539452665;125.7658346;28.80176913;1.36826845;15.83331851;311.9720307;147.8948632;1.353600582;1.750098891;9.525798243;40.10340923;16.79967207;285.9123953;13.51513547;201.2762573;3507.117385;198.7154454;143.5668734;7.302110426;1198.559384;17.99955846;1.271980906;8.087539528;0.058212981;158.9781331;1070.325155;280.3119107;166.9528468;44.72014879;6.410776733;65.46881238;18.62109844;104.5851141;2.116819054;202.0259674;1721.348605;95.4300662;3.874230031;16.14299082;4.718128549;8.562747482;48.23134053;15.09340169;2.217966065;23.39459508;1337.599664;27.76998976;14.63792005;2701.43053;303.7359522;771.7194503;58.21717077;270.3303321;15.63008726;#диаия./0!;3.887984572;3.428029445;10.59295157;51.62817194;19.25885029;52.30406263;49.27062983;3.01978904;4.993757803;337.4529774;247.8248704;93.74518719;49.79531392;31.44979872;0.291457768;8.271950321;65.19643338;77.48982989;190.498435;290.2996487;387.9377231;12.48608292;3.660444927;273.7111876;810.9833605;9.851777016;313.8570688;17.3656562;#диаия./0!;7.202897354;14.8590066;185.9043568;20.57101609;24.15606343;138.8354906;324.8992812;426.0369435;24.71146831;0.304444221;0.22805402;5.558603481;2.268868506;153.1721962;580.7092145;115.1499973;6.597380229;5.509847869;101.6807833;73.59834454;5.450848469;7.757523936;9.435089728;3.404859952;1.290417489;7.875099076;76.24151132;63.09716964;17.04646184;67.03515689;;;;;;;;;;;;;;;;;;;;;;;;;;;;;;;;;;;;;;;;;;;;;;;;;;;;;;;;;;;;;
23;0.03927461;0.546137022;41.6132916;0.75576983;0.472779519;0.221385069;0.164374703;11.45232193;0.183841804;0.034320849;0.679725659;0.211964585;0.58823797;0.059812315;0.046700059;0.190967381;0.180481959;0.909973123;0.027376989;0.002173906;1.025440416;0.099017107;0.013704782;0.132575178;0.042776377;0.086284084;0.146578271;119.9505449;13.62548522;17.90761634;3.828703507;4.69977633;0.565140887;133.993506;30.4408942;1.687531088;19.73075076;349.8708551;182.7589676;2.05529988;2.921536052;10.02715605;40.10340923;23.03955027;322.0664789;14.3988174;213.3377559;4243.906752;216.6706203;174.7313899;8.042904238;1386.109019;30.489048;1.57446417;10.78338604;0.106723799;183.4830428;1274.805185;586.1067224;171.4650859;55.60261846;7.101168073;79.30500469;22.58499564;115.4171438;2.50801014;231.6433665;2122.565198;104.4429058;4.605728008;22.03144833;5.136190572;8.562747482;59.73990334;16.85756553;3.315516282;27.01765184;1468.736886;32.26180542;16.66861416;2865.153593;303.7359522;1038.853106;72.23806007;304.0013699;19.7272946;#диаия./0!;3.887984572;3.428029445;11.94900659;57.9099267;20.35069062;75.42314502;53.48336026;3.01978904;7.490636704;341.9825476;247.8248704;93.74518719;51.66623611;31.44979872;0.297529805;8.97296306;73.87276482;84.43959042;217.0025651;294.8712967;387.9377231;13.49071028;4.270519082;273.7111876;989.2846667;10.53711803;344.0141537;22.11092273;#диаия./0!;7.354537298;15.87212069;215.0249065;23.74937051;29.24155046;142.395375;334.8961822;532.5461794;28.27971912;0.33053944;0.22805402;8.452123101;2.343257637;153.1721962;599.4417699;;;;;;;;;;;;;;;;;;;;;;;;;;;;;;;;;;;;;;;;;;;;;;;;;;;;;;;;;;;;;;;;;;;;;;;;;;;;
24;0.03927461;0.546137022;46.10359469;0.75576983;0.472779519;0.229291678;0.164374703;12.30697282;0.183841804;0.034320849;0.679725659;0.211964585;0.58823797;0.059812315;0.046700059;0.190967381;0.180481959;0.909973123;0.027376989;0.002173906;2.56360104;0.099017107;0.013704782;0.132575178;0.042776377;0.086284084;0.478822352;135.2970712;16.11616532;24.60853084;4.077320618;7.637136536;0.565140887;150.4488489;33.2508229;1.983989252;25.57689914;470.8466759;223.5077775;2.268073216;3.730721561;10.77919275;47.49087935;32.15937225;353.0556933;16.0102374;230.6761601;4243.906752;228.92848;211.9070396;8.042904238;1664.503008;52.52932367;1.946751265;21.15202646;0.145532453;227.8349041;1397.812703;586.1067224;173.8947531;61.32725094;8.580578088;84.02955816;28.76130056;130.1711153;2.888233252;293.7222196;2433.184495;117.1669146;6.095816482;25.85176466;5.912591473;11.10723317;68.3190138;20.7779296;4.481663389;31.05477223;1468.736886;36.70077619;19.2069818;2947.015124;506.226587;1632.483453;78.63890084;329.0141409;20.0139305;#диаия./0!;5.18397943;5.2362208;13.7963859;61.63971859;25.84022118;84.80811906;57.5129285;3.01978904;7.490636704;353.306473;247.8248704;143.9658232;57.4229198;33.29978688;0.309673879;9.113165608;87.50699994;89.99939885;265.0413009;299.4429447;387.9377231;13.77774667;4.270519082;305.2308502;1110.069422;11.30812666;358.5342316;22.41381208;#диаия./0!;8.264376964;15.87212069;248.0582338;25.42683534;29.24155046;;;;;;;;;;;;;;;;;;;;;;;;;;;;;;;;;;;;;;;;;;;;;;;;;;;;;;;;;;;;;;;;;;;;;;;;;;;;;;;;;;;;;;
25;0.03927461;0.546137022;47.5313485;0.75576983;0.472779519;0.339984213;0.164374703;12.81976336;0.183841804;0.034320849;0.679725659;0.211964585;0.58823797;0.059812315;0.046700059;0.190967381;0.180481959;1.314405623;0.027376989;0.002173906;3.787513794;0.099017107;0.013704782;0.19149748;0.12832913;0.086284084;0.53745366;151.5484353;16.11616532;25.18619589;4.773448528;9.39955266;0.565140887;163.3780468;34.65578725;2.052402675;31.179458;611.6962705;265.1448448;3.304777341;4.803362817;12.28326616;50.84882032;40.7992036;390.6854538;19.07713353;245.7530333;5157.525567;240.841048;245.3476163;8.572042674;1723.112269;65.75348907;2.450890039;21.15202646;0.19404327;269.1489668;1755.652755;586.1067224;182.572136;66.48508813;9.172342094;89.42904784;36.13599302;154.4498025;3.264800372;347.5631206;2899.113441;129.3607564;7.450442367;29.06887315;6.27093035;13.0321919;84.22175515;23.03213895;7.088345155;35.50595625;1468.736886;43.27996501;23.52220678;3172.134335;506.226587;1662.16497;98.45102701;351.1408229;21.58199751;#диаия./0!;5.18397943;5.2362208;15.68307115;64.78059597;28.81245319;89.84395878;61.54249674;3.623746848;7.490636704;382.7486791;341.0922948;143.9658232;60.73301293;35.14977504;0.327889989;9.673975799;104.8596628;96.25418332;294.8584472;304.0145927;568.9753272;14.44749825;4.270519082;341.8492818;1334.383969;11.90780005;373.0543096;26.65426301;#диаия./0!;9.287946588;17.89834886;283.7830777;;;;;;;;;;;;;;;;;;;;;;;;;;;;;;;;;;;;;;;;;;;;;;;;;;;;;;;;;;;;;;;;;;;;;;;;;;;;;;;;;;;;;;;;
26;0.03927461;0.565641915;48.99036699;0.839744256;0.487106171;0.466489966;0.164374703;13.16162371;0.183841804;0.034320849;0.679725659;0.211964585;0.58823797;0.059812315;0.046700059;0.190967381;0.180481959;1.314405623;0.027376989;0.002173906;5.325674418;0.099017107;0.013704782;0.19149748;0.278046449;0.086284084;0.576541199;165.9425007;17.58127126;28.88325216;5.171235905;9.39955266;0.616517332;167.4918825;37.23155522;3.169821909;50.17944022;759.7096673;312.4445533;3.513023584;7.273260446;13.53666066;59.86729034;55.19892252;439.9361696;22.50789869;265.3529684;5511.184463;250.3365732;277.1540984;8.572042674;1898.940052;76.7736269;2.846445077;32.1427853;0.213447597;316.7411467;2129.467809;789.9699302;186.3901844;79.52137992;12.03253479;97.86575046;44.98562396;179.7556649;3.824167065;418.5664218;3455.639682;148.4467696;9.346918605;31.71149798;7.107054396;15.26691411;99.86293825;24.11023907;8.140164114;42.23449024;1468.736886;49.19859271;26.39902344;3253.995866;506.226587;1929.298626;112.1671144;363.6472083;22.35760055;#диаия./0!;5.18397943;7.270436075;17.80559206;68.11777819;32.30027647;103.0058126;66.48787594;4.106913094;7.490636704;425.7795956;359.7457796;170.7501624;65.77011115;35.14977504;0.340034063;10.79559618;125.1870679;105.63636;327.9886099;306.3004167;568.9753272;15.21292862;4.270519082;387.7382023;1506.93362;;;;;;;;;;;;;;;;;;;;;;;;;;;;;;;;;;;;;;;;;;;;;;;;;;;;;;;;;;;;;;;;;;;;;;;;;;;;;;;;;;;;;;;;;;;;;;;
27;0.03927461;0.585146809;50.32502152;0.923718681;0.501432823;0.521836233;0.164374703;13.84534443;0.183841804;0.034320849;0.679725659;0.238460158;0.58823797;0.059812315;0.046700059;0.190967381;0.180481959;1.314405623;0.027376989;0.002173906;7.492330781;0.198034213;0.013704782;0.19149748;0.320822826;0.172568167;0.586313084;178.4792673;19.48590898;35.12203463;5.320406172;10.18284871;0.616517332;179.2456988;41.21228754;4.583699307;61.87173697;863.584799;397.7172672;3.961205717;9.051586738;15.29141297;66.67911343;65.27872576;483.4686375;29.9412232;278.1683107;5511.184463;274.6796469;324.4844782;9.101181111;2159.751262;100.6505922;3.14117236;42.51142572;0.24740517;368.383725;2321.167837;840.9357321;190.5553282;90.40384958;16.27351017;111.0270066;53.55870393;212.8120313;4.222670134;507.0263357;3986.280981;161.7009455;10.89119211;34.5551921;7.764009005;16.48384205;111.8946176;25.38435739;10.86117403;46.27161063;1626.101553;54.29812461;26.39902344;3438.184311;607.4719044;2048.024695;128.0168153;385.7738903;22.81284581;#диаия./0!;5.18397943;8.777262205;20.93041451;73.61431361;40.12513218;121.3179571;73.26487707;4.348496218;7.490636704;443.8978763;367.7401303;170.7501624;69.79978974;35.14977504;0.370394247;12.8986344;146.5060537;115.7135128;352.8362318;308.5862407;620.7003569;;;;;;;;;;;;;;;;;;;;;;;;;;;;;;;;;;;;;;;;;;;;;;;;;;;;;;;;;;;;;;;;;;;;;;;;;;;;;;;;;;;;;;;;;;;;;;;;;;;
28;0.03927461;0.604651703;51.55962907;0.923718681;0.501432823;0.58508911;0.164374703;14.35813496;0.183841804;0.034320849;0.679725659;0.238460158;0.58823797;0.059812315;0.046700059;0.190967381;0.180481959;1.314405623;0.027376989;0.002173906;10.83328181;0.693119747;0.013704782;0.22095863;0.684422028;0.690272669;0.654716277;192.5042541;23.00216323;49.33259469;5.792778682;10.77032076;1.027528886;196.2887325;44.02221623;5.245029058;76.73069742;1016.220004;496.7579714;4.400333665;10.57116185;17.54752308;71.28428961;71.03861333;528.1078631;41.27314447;304.5528388;6130.087531;297.6415532;374.2076393;9.101181111;2350.23136;109.8340404;3.684091039;58.68650478;0.315320314;429.5447393;2563.987872;1070.281841;195.0675673;103.3267823;17.95017485;137.3495188;66.28004841;245.6816386;4.697949024;584.6984552;4322.78522;183.9679609;12.97731598;37.31271366;8.480686759;18.14328924;128.1112288;26.26643931;12.53036498;50.92982646;1783.466219;61.06227054;33.33722832;3458.649694;607.4719044;2048.024695;139.904091;404.5334685;23.26809107;#диаия./0!;6.479974287;11.52721989;22.81709976;77.73671517;42.88506191;134.0220073;78.02709408;4.710870902;8.739076155;457.4865868;381.0640481;190.8384168;72.3902974;35.14977504;0.425042578;13.45944459;186.4171783;;;;;;;;;;;;;;;;;;;;;;;;;;;;;;;;;;;;;;;;;;;;;;;;;;;;;;;;;;;;;;;;;;;;;;;;;;;;;;;;;;;;;;;;;;;;;;;;;;;;;;;
29;0.03927461;0.604651703;51.84309552;0.965705894;0.501432823;0.664155206;0.164374703;14.35813496;0.183841804;0.034320849;0.679725659;0.238460158;0.58823797;0.059812315;0.046700059;0.190967381;0.360963918;1.314405623;0.027376989;0.002173906;14.68695305;0.693119747;0.013704782;0.294611507;0.962468478;1.121693087;0.781750779;206.6959216;23.88122679;61.11696157;6.613215148;12.92438491;1.027528886;221.5594376;44.25637696;6.02038118;93.05119496;1141.239906;586.5830047;4.812299059;12.01546389;18.80091759;78.76770091;84.95834161;568.8734369;47.09504898;405.5678893;6130.087531;324.0563779;433.6770067;9.94780261;2608.112108;131.5069781;4.537248964;76.31319349;0.339575723;489.0855942;2925.022924;1070.281841;204.7862361;109.0514148;20.61311288;143.0864765;79.18576021;263.0502379;5.169571922;628.4380578;4788.714166;199.3428049;15.06343984;41.73623783;9.675149683;23.32076446;143.2292954;26.85449392;14.74833105;54.34585141;1783.466219;67.48292469;35.7909837;3540.511225;607.4719044;2404.202903;162.4594347;431.4702988;24.65068778;#диаия./0!;6.479974287;19.1743625;24.90031472;81.66281189;48.37459246;168.9295327;82.42298671;4.831662464;8.739076155;482.3992227;386.3936152;204.2305864;;;;;;;;;;;;;;;;;;;;;;;;;;;;;;;;;;;;;;;;;;;;;;;;;;;;;;;;;;;;;;;;;;;;;;;;;;;;;;;;;;;;;;;;;;;;;;;;;;;;;;;;;;;;
30;0.03927461;2.028508938;52.1613005;1.007693107;0.501432823;0.743221302;0.164374703;14.52906514;0.183841804;0.034320849;0.679725659;0.264955731;0.58823797;0.059812315;0.046700059;0.202902843;0.360963918;1.314405623;0.027376989;0.002173906;18.65639982;1.18820528;0.013704782;0.338803233;1.796607825;1.984533923;1.065135436;219.1493479;27.39748104;82.25950216;7.856300702;16.44921715;1.900928439;230.3747998;44.72469841;6.886951198;107.6665659;1259.096007;620.4478194;5.43703779;14.04313223;19.80363319;85.57952401;96.47811675;621.4444257;53.48874769;433.4601047;6572.161151;353.2335371;502.0755335;9.94780261;2822.03591;144.7311435;5.561038474;93.52513659;0.431746277;529.5895772;3115.125452;1172.213445;220.05843;111.2052369;26.92526228;162.6596266;83.05747374;280.2320781;5.586354948;729.9413958;4866.36899;211.0064797;16.71608342;44.89589796;10.45155058;23.32076446;158.5566086;27.24653033;18.15530985;60.55680586;1967.05833;77.84052316;38.49857585;3622.372756;607.4719044;2611.973524;176.480324;449.2678473;25.37570801;#диаия./0!;6.479974287;20.90721255;27.63207774;85.39260378;52.95425608;185.8682663;86.26939276;4.952454026;8.739076155;;;;;;;;;;;;;;;;;;;;;;;;;;;;;;;;;;;;;;;;;;;;;;;;;;;;;;;;;;;;;;;;;;;;;;;;;;;;;;;;;;;;;;;;;;;;;;;;;;;;;;;;;;;;;;;
31;0.045316858;3.978998301;52.48992705;1.091667533;0.501432823;0.830194007;0.164374703;14.52906514;0.183841804;0.034320849;0.679725659;0.291451304;0.58823797;0.059812315;0.046700059;0.322257456;0.360963918;1.921054372;0.027376989;0.002173906;28.01767846;1.386239494;0.013704782;0.530300712;2.566582607;4.314204181;1.074907321;233.8767746;36.33462727;102.0156466;8.602152035;19.38657736;2.157810661;246.2424518;45.66134131;8.369242019;120.5768102;1364.704316;767.1213286;6.215697656;16.07550514;20.80634879;92.67917062;105.1179481;692.6458352;67.15982703;486.2291609;6601.632725;379.9936535;569.7153734;9.94780261;2989.072303;168.9754468;6.577072003;106.5896235;0.538470075;589.3329521;3175.83046;1248.662148;240.5370536;126.9621461;29.39094564;179.5330319;102.2316741;308.8996049;6.131097675;809.182649;5047.56358;236.4544974;17.71850657;49.40559468;11.34739778;25.0687155;178.0688537;29.30472147;20.51046969;64.49041034;1967.05833;89.38713165;41.88306603;3663.303522;607.4719044;2819.744145;190.1964113;469.9514848;26.72458286;#диаия./0!;;;;;;;;;;;;;;;;;;;;;;;;;;;;;;;;;;;;;;;;;;;;;;;;;;;;;;;;;;;;;;;;;;;;;;;;;;;;;;;;;;;;;;;;;;;;;;;;;;;;;;;;;;;;;;;;;;;;;;;;
32;0.045316858;8.445618942;53.49803935;1.091667533;0.501432823;0.964606371;0.164374703;15.21278585;0.183841804;0.034320849;0.679725659;0.291451304;0.58823797;0.059812315;0.046700059;0.549031221;0.541445877;2.123270621;0.027376989;0.002173906;33.67414011;1.4852566;0.020557173;0.589223014;3.529051084;9.404965114;1.46578271;245.37774;39.11832855;123.7358523;9.497173634;21.3448175;2.414692882;269.1623937;48.70543073;9.327029933;142.7434562;1493.768301;850.173399;6.76800291;18.36662922;22.5611011;101.7935818;115.677742;740.6053337;75.47683347;511.8598454;6601.632725;413.4869606;634.1453849;16.08580848;3182.482864;180.3629225;7.701689267;122.1425842;0.63549171;655.1519244;3479.355505;1325.110851;271.0814414;155.7553471;35.40721303;192.694288;118.3638139;327.5755182;6.54422471;885.9721308;5539.377467;242.8165018;19.18150253;54.14508487;11.64601351;27.98934254;195.4886329;30.38282159;24.51195486;70.18378525;2019.513219;95.83420825;46.7905768;3704.234288;607.4719044;2908.788697;;;;;;;;;;;;;;;;;;;;;;;;;;;;;;;;;;;;;;;;;;;;;;;;;;;;;;;;;;;;;;;;;;;;;;;;;;;;;;;;;;;;;;;;;;;;;;;;;;;;;;;;;;;;;;;;;;;;;;;;;;;;
33;0.045316858;11.74194597;53.51262953;1.175641958;0.501432823;1.16227161;0.164374703;15.21278585;0.214482104;0.034320849;0.679725659;0.34444245;0.58823797;0.059812315;0.046700059;0.572902144;1.082891754;2.123270621;0.027376989;0.003623177;41.38148259;2.07935924;0.020557173;0.751259343;4.748177823;14.58201013;1.915289407;257.6168626;46.59036883;143.0298647;11.38666368;25.6529458;2.825704437;273.8639202;52.68616304;10.35323127;160.0383118;1626.414187;918.3471572;7.22976632;20.02263678;22.81178;110.907993;124.3175733;790.2249688;94.34604184;538.9982172;6778.462173;444.9085167;685.7360825;16.08580848;3326.075553;197.2604672;8.485043362;134.170207;0.654896037;698.0861463;3704.603037;1401.559554;289.8245884;179.2773519;39.45093374;223.7413536;127.2134448;360.2583663;7.260799036;969.5285018;5681.744645;261.372348;21.4301815;58.56860905;12.36269126;32.10477157;217.6687722;31.65693992;28.01039618;;;;;;;;;;;;;;;;;;;;;;;;;;;;;;;;;;;;;;;;;;;;;;;;;;;;;;;;;;;;;;;;;;;;;;;;;;;;;;;;;;;;;;;;;;;;;;;;;;;;;;;;;;;;;;;;;;;;;;;;;;;;;;;;;;;
34;0.154077316;16.2475764;53.66478432;1.259616384;0.501432823;1.257150925;0.164374703;15.55464621;0.275762706;0.034320849;0.71062228;0.370938023;0.58823797;0.059812315;0.046700059;0.942901445;1.082891754;2.123270621;0.027376989;0.003623177;51.09008782;3.465598734;0.020557173;1.252098904;5.539540793;17.25681672;1.915289407;274.4158917;48.78802774;273.6976975;12.58002581;29.76525009;2.825704437;279.7408284;55.02777029;11.6530863;173.6793246;1713.41972;975.750794;7.773017389;21.54221189;25.81992682;116.2806985;136.7973297;819.922966;109.6285412;561.613527;6955.291621;493.7673099;735.05072;17.24991304;3575.164912;213.423336;9.423517079;146.8199484;0.844088226;779.499152;3972.983076;1528.974058;329.3934544;190.8966554;43.69190912;248.3765253;137.1692796;382.0158052;7.64833413;1032.097709;6031.191354;269.8550205;24.89802376;62.58999466;13.07936902;;;;;;;;;;;;;;;;;;;;;;;;;;;;;;;;;;;;;;;;;;;;;;;;;;;;;;;;;;;;;;;;;;;;;;;;;;;;;;;;;;;;;;;;;;;;;;;;;;;;;;;;;;;;;;;;;;;;;;;;;;;;;;;;;;;;;;;
35;0.154077316;19.05628108;54.02120169;1.301603597;0.530086127;1.344123631;0.164374703;15.89650656;0.582165712;0.034320849;0.71062228;0.529911462;0.980396617;0.059812315;0.046700059;1.551609973;1.082891754;2.72991937;0.027376989;0.020289791;63.80885685;9.307608029;0.027409564;1.694016165;8.555275356;20.62189598;2.501602491;295.3938431;53.91589852;311.1303923;13.59935596;32.70261029;3.082586658;293.2577171;59.71098478;13.31781291;192.4357173;1839.710619;1067.907503;8.773504776;26.89600903;27.57467912;126.0666979;157.9169175;856.0770495;116.6979967;587.2442114;6955.291621;536.4108503;794.5200875;32.17161695;3865.280753;238.4023151;10.687742;165.2761283;0.892599044;865.3675959;4172.670605;1630.905662;373.1274642;196.3945698;51.3848412;259.8504409;137.1692796;417.59342;;;;;;;;;;;;;;;;;;;;;;;;;;;;;;;;;;;;;;;;;;;;;;;;;;;;;;;;;;;;;;;;;;;;;;;;;;;;;;;;;;;;;;;;;;;;;;;;;;;;;;;;;;;;;;;;;;;;;;;;;;;;;;;;;;;;;;;;;;;;;;
36;0.172204059;24.59567087;54.30744722;1.343590809;0.573066083;1.494349213;0.164374703;15.89650656;0.873248568;0.034320849;0.772415522;0.635893754;1.058828346;0.059812315;0.046700059;1.897738352;1.082891754;2.72991937;0.027376989;0.021739061;76.67648013;10.00072778;0.089081084;2.401083781;10.6940942;23.03785033;2.784987149;321.6579525;57.28564218;350.6426812;15.66287798;35.05249846;4.366997766;302.6607702;62.28675276;16.3280035;211.19211;1918.627989;1130.307588;9.588381381;32.16041941;29.32943143;135.7567561;169.9166832;897.0270829;127.8739741;646.7978606;7220.535793;584.5790599;857.7245281;37.14551826;3997.15159;255.6671977;11.71153151;179.9995977;1.018727169;932.4016877;4359.578132;1681.871464;459.901293;;;;;;;;;;;;;;;;;;;;;;;;;;;;;;;;;;;;;;;;;;;;;;;;;;;;;;;;;;;;;;;;;;;;;;;;;;;;;;;;;;;;;;;;;;;;;;;;;;;;;;;;;;;;;;;;;;;;;;;;;;;;;;;;;;;;;;;;;;;;;;;;;;;
37;0.175225183;34.44564215;54.60897771;1.343590809;0.573066083;1.692014453;0.164374703;15.89650656;1.532015031;0.034320849;0.896002005;0.715380474;1.17647594;0.059812315;0.046700059;2.339350421;2.165783508;2.93213562;0.045628316;0.022463697;97.30106398;15.94175418;0.089081084;3.034498521;14.39425079;27.09320226;2.872934111;350.1008162;60.36236465;418.1139583;17.25402749;37.59821064;4.469750654;333.2206926;67.67244942;19.31538962;234.5767035;2053.007052;1189.265675;10.96009033;37.84353624;33.59097275;148.1331671;184.3164021;949.4136121;142.3247728;724.4437576;7220.535793;648.6306935;917.6024192;46.56418243;4152.466131;283.2175423;13.09209616;197.004168;1.038131496;;;;;;;;;;;;;;;;;;;;;;;;;;;;;;;;;;;;;;;;;;;;;;;;;;;;;;;;;;;;;;;;;;;;;;;;;;;;;;;;;;;;;;;;;;;;;;;;;;;;;;;;;;;;;;;;;;;;;;;;;;;;;;;;;;;;;;;;;;;;;;;;;;;;;;;
38;0.18126743;45.58293642;54.8368625;1.427565235;0.587392735;1.802706988;0.164374703;17.43487817;1.991619541;0.034320849;0.896002005;0.794867193;1.529418722;0.059812315;0.046700059;3.127090869;2.707229385;2.93213562;0.054753979;0.024637603;121.9777914;20.10047266;0.116490648;4.02144707;22.94952614;27.09320226;3.195406307;384.9370737;64.17164009;490.6686877;18.09932567;41.12304289;6.08810865;334.3960742;74.22894971;22.48521153;246.2690003;2175.369415;1235.677126;12.15976978;42.60455795;38.85522968;154.7531079;206.3959712;990.5481051;165.4564469;783.2435631;7633.137839;703.8773855;970.3603272;;;;;;;;;;;;;;;;;;;;;;;;;;;;;;;;;;;;;;;;;;;;;;;;;;;;;;;;;;;;;;;;;;;;;;;;;;;;;;;;;;;;;;;;;;;;;;;;;;;;;;;;;;;;;;;;;;;;;;;;;;;;;;;;;;;;;;;;;;;;;;;;;;;;;;;;;;;;;
39;0.205436421;61.44041494;55.13422437;1.637501299;0.601719387;1.905492912;0.164374703;18.11859888;2.92614871;0.034320849;1.112278351;0.874353912;2.039224963;0.059812315;0.046700059;5.752892362;2.707229385;4.549865617;0.091256631;0.02826078;151.6990241;24.55624246;0.116490648;4.728514686;36.25297932;48.23280274;3.576509812;421.5591954;65.34372484;542.4274756;19.19324096;45.23534717;7.012884647;377.8851946;80.08296783;26.70403925;262.8330873;2265.379123;1279.534837;12.75734595;48.73931321;40.60998198;160.5095781;231.8354746;1023.750835;187.8084017;;;;;;;;;;;;;;;;;;;;;;;;;;;;;;;;;;;;;;;;;;;;;;;;;;;;;;;;;;;;;;;;;;;;;;;;;;;;;;;;;;;;;;;;;;;;;;;;;;;;;;;;;;;;;;;;;;;;;;;;;;;;;;;;;;;;;;;;;;;;;;;;;;;;;;;;;;;;;;;;;
40;0.223563164;72.87028261;55.53441229;1.679488512;0.601719387;2.024092056;0.164374703;18.46045923;3.125310664;0.034320849;1.544831043;0.980336204;2.156872557;0.059812315;0.046700059;7.996759093;4.151085058;4.549865617;0.182513262;0.031159321;167.8579803;35.15107288;0.137047821;5.627079782;48.70090496;59.44973361;3.928297662;456.0978089;68.85997909;619.0258603;20.38660309;49.34765146;7.218390424;394.9282283;97.64502218;28.52839718;274.2817946;2369.254255;1308.070107;;;;;;;;;;;;;;;;;;;;;;;;;;;;;;;;;;;;;;;;;;;;;;;;;;;;;;;;;;;;;;;;;;;;;;;;;;;;;;;;;;;;;;;;;;;;;;;;;;;;;;;;;;;;;;;;;;;;;;;;;;;;;;;;;;;;;;;;;;;;;;;;;;;;;;;;;;;;;;;;;;;;;;;;
41;0.296070136;84.55371389;55.67614552;1.721475725;0.616046039;2.166411029;0.164374703;18.80231959;4.366242839;0.034320849;1.544831043;1.298283082;2.35295188;0.059812315;0.046700059;9.536433604;5.414458771;4.549865617;0.301146882;0.040579581;206.1135236;49.50855335;0.137047821;6.717142358;48.70090496;76.44769808;4.455979438;494.0295643;70.17857444;703.8270887;21.82858233;54.24325181;7.680778423;404.3312813;112.1629871;;;;;;;;;;;;;;;;;;;;;;;;;;;;;;;;;;;;;;;;;;;;;;;;;;;;;;;;;;;;;;;;;;;;;;;;;;;;;;;;;;;;;;;;;;;;;;;;;;;;;;;;;;;;;;;;;;;;;;;;;;;;;;;;;;;;;;;;;;;;;;;;;;;;;;;;;;;;;;;;;;;;;;;;;;;;
42;0.356492613;101.1523784;55.76299186;1.763462937;0.616046039;2.316636611;0.164374703;18.80231959;5.775696668;0.034320849;2.564419532;1.430760947;2.470599474;0.11962463;0.046700059;12.41287979;7.219278361;7.482001237;0.447157492;0.044927393;206.1135236;59.31124691;0.191866949;6.717142358;111.9030017;91.28856046;4.837082942;531.0564819;72.37623334;792.2098403;;;;;;;;;;;;;;;;;;;;;;;;;;;;;;;;;;;;;;;;;;;;;;;;;;;;;;;;;;;;;;;;;;;;;;;;;;;;;;;;;;;;;;;;;;;;;;;;;;;;;;;;;;;;;;;;;;;;;;;;;;;;;;;;;;;;;;;;;;;;;;;;;;;;;;;;;;;;;;;;;;;;;;;;;;;;;;;;;
43;0.450147452;109.6370071;55.8498382;1.763462937;0.616046039;2.617087776;0.164374703;19.99883084;10.00405815;0.034320849;2.87338574;1.695716678;2.980405715;0.11962463;0.046700059;14.03610253;10.64843558;7.482001237;0.474534481;0.052898383;292.0851249;80.59992485;0.308357597;11.75499913;136.691912;107.2511159;5.237730216;566.6308966;74.42738166;858.1791882;;;;;;;;;;;;;;;;;;;;;;;;;;;;;;;;;;;;;;;;;;;;;;;;;;;;;;;;;;;;;;;;;;;;;;;;;;;;;;;;;;;;;;;;;;;;;;;;;;;;;;;;;;;;;;;;;;;;;;;;;;;;;;;;;;;;;;;;;;;;;;;;;;;;;;;;;;;;;;;;;;;;;;;;;;;;;;;;;
44;0.655583873;118.7457924;55.95474857;1.847437363;0.673352648;2.846379454;0.164374703;22.22092315;14.53882265;0.034320849;3.058765466;2.040159128;3.568643685;0.11962463;0.046700059;17.38996716;10.64843558;8.59419061;0.584042438;0.059420101;349.9232722;95.15543953;0.404291071;16.79285589;166.7850931;128.2181483;5.628605606;600.8599603;76.18550878;907.0496509;;;;;;;;;;;;;;;;;;;;;;;;;;;;;;;;;;;;;;;;;;;;;;;;;;;;;;;;;;;;;;;;;;;;;;;;;;;;;;;;;;;;;;;;;;;;;;;;;;;;;;;;;;;;;;;;;;;;;;;;;;;;;;;;;;;;;;;;;;;;;;;;;;;;;;;;;;;;;;;;;;;;;;;;;;;;;;;;;
45;0.791534446;128.5957637;56.06104849;1.889424576;0.6876793;3.32077603;0.184921541;23.58836458;17.25048925;0.034320849;3.614904641;2.093150274;4.19609752;0.179436945;0.093400119;22.77286022;27.97470365;8.59419061;1.012948604;0.073912809;409.2995802;101.195483;0.431700636;16.79285589;212.641369;154.8799301;5.951077802;633.1841022;;;;;;;;;;;;;;;;;;;;;;;;;;;;;;;;;;;;;;;;;;;;;;;;;;;;;;;;;;;;;;;;;;;;;;;;;;;;;;;;;;;;;;;;;;;;;;;;;;;;;;;;;;;;;;;;;;;;;;;;;;;;;;;;;;;;;;;;;;;;;;;;;;;;;;;;;;;;;;;;;;;;;;;;;;;;;;;;;;;
46;1.214491784;137.3339561;56.11663015;1.889424576;0.716332604;3.644947023;0.308202568;25.63952671;18.52206173;0.034320849;3.985664092;2.861521894;5.019630678;0.179436945;0.093400119;24.80188865;40.60844078;8.59419061;1.277592834;0.081883798;462.7713361;109.2158687;0.616715194;22.72927776;251.2684372;194.7431767;6.410356384;663.662851;;;;;;;;;;;;;;;;;;;;;;;;;;;;;;;;;;;;;;;;;;;;;;;;;;;;;;;;;;;;;;;;;;;;;;;;;;;;;;;;;;;;;;;;;;;;;;;;;;;;;;;;;;;;;;;;;;;;;;;;;;;;;;;;;;;;;;;;;;;;;;;;;;;;;;;;;;;;;;;;;;;;;;;;;;;;;;;;;;;
47;1.564942149;142.658792;56.15345299;1.889424576;0.716332604;3.969118016;0.308202568;25.63952671;27.33114816;0.034320849;4.603596509;3.099982052;5.019630678;0.299061575;0.280200356;43.8628204;44.037598;9.908596233;1.29584416;0.08623161;521.0891249;117.830357;0.781172579;28.72462193;297.5097005;242.8896954;6.93803816;;;;;;;;;;;;;;;;;;;;;;;;;;;;;;;;;;;;;;;;;;;;;;;;;;;;;;;;;;;;;;;;;;;;;;;;;;;;;;;;;;;;;;;;;;;;;;;;;;;;;;;;;;;;;;;;;;;;;;;;;;;;;;;;;;;;;;;;;;;;;;;;;;;;;;;;;;;;;;;;;;;;;;;;;;;;;;;;;;;;
48;1.761315199;145.8575946;56.17915951;1.889424576;0.716332604;4.040277503;0.318475987;27.3488285;34.94526286;0.034320849;4.603596509;5.113645607;7.843172934;0.418686205;0.467000594;54.72409021;49.99350265;9.908596233;1.706499;0.102898224;590.6702189;126.6428795;1.007301483;38.68249086;384.1960281;293.4521684;7.612298206;;;;;;;;;;;;;;;;;;;;;;;;;;;;;;;;;;;;;;;;;;;;;;;;;;;;;;;;;;;;;;;;;;;;;;;;;;;;;;;;;;;;;;;;;;;;;;;;;;;;;;;;;;;;;;;;;;;;;;;;;;;;;;;;;;;;;;;;;;;;;;;;;;;;;;;;;;;;;;;;;;;;;;;;;;;;;;;;;;;;
49;2.897257762;146.5402659;56.19791832;1.973399001;0.75931256;4.593740174;0.390389919;30.4255717;34.94526286;0.034320849;6.08663431;5.246123472;9.803966167;0.418686205;0.840601069;69.16599842;57.93470885;9.908596233;1.843383946;0.113043119;678.6927011;142.4856165;1.363625817;39.61051711;436.532925;322.961325;8.452680293;;;;;;;;;;;;;;;;;;;;;;;;;;;;;;;;;;;;;;;;;;;;;;;;;;;;;;;;;;;;;;;;;;;;;;;;;;;;;;;;;;;;;;;;;;;;;;;;;;;;;;;;;;;;;;;;;;;;;;;;;;;;;;;;;;;;;;;;;;;;;;;;;;;;;;;;;;;;;;;;;;;;;;;;;;;;;;;;;;;;
50;3.870059639;151.2604501;56.22154052;2.015386214;0.845272473;5.052323531;0.400663338;30.4255717;56.0870703;0.034320849;7.353395766;6.676884419;11.64711181;0.418686205;1.307601663;86.79467481;60.64193823;11.42521811;1.980268893;0.140579263;777.6973193;162.2890379;1.733654933;58.6718816;542.7038922;368.346753;9.625306461;;;;;;;;;;;;;;;;;;;;;;;;;;;;;;;;;;;;;;;;;;;;;;;;;;;;;;;;;;;;;;;;;;;;;;;;;;;;;;;;;;;;;;;;;;;;;;;;;;;;;;;;;;;;;;;;;;;;;;;;;;;;;;;;;;;;;;;;;;;;;;;;;;;;;;;;;;;;;;;;;;;;;;;;;;;;;;;;;;;;
51;5.024128946;153.484008;56.229183;2.057373427;1.002865646;5.052323531;0.48285069;34.18603562;68.46575175;0.034320849;13.22375373;10.99566283;14.78438098;1.973806393;2.054802613;110.4865656;72.19278361;14.15513748;2.098902513;0.176811032;886.145913;174.5671591;2.096831659;73.91802709;615.2954036;425.9845208;10.45591666;;;;;;;;;;;;;;;;;;;;;;;;;;;;;;;;;;;;;;;;;;;;;;;;;;;;;;;;;;;;;;;;;;;;;;;;;;;;;;;;;;;;;;;;;;;;;;;;;;;;;;;;;;;;;;;;;;;;;;;;;;;;;;;;;;;;;;;;;;;;;;;;;;;;;;;;;;;;;;;;;;;;;;;;;;;;;;;;;;;;
52;6.583028847;155.6295463;56.23821502;2.09936064;1.074498906;5.542533326;0.544491203;36.23719776;68.92535626;0.034320849;17.48748741;12.66488394;17.72557083;2.093431023;2.381703029;147.1284318;81.21688156;14.15513748;2.801578572;0.239129675;978.1047632;191.4990843;2.514827512;83.71385969;751.4953873;537.9812613;;;;;;;;;;;;;;;;;;;;;;;;;;;;;;;;;;;;;;;;;;;;;;;;;;;;;;;;;;;;;;;;;;;;;;;;;;;;;;;;;;;;;;;;;;;;;;;;;;;;;;;;;;;;;;;;;;;;;;;;;;;;;;;;;;;;;;;;;;;;;;;;;;;;;;;;;;;;;;;;;;;;;;;;;;;;;;;;;;;;;
53;8.238604711;157.7165699;56.26044768;2.225322278;1.174785471;6.111809216;0.57531146;38.63022025;101.618557;0.034320849;20.79342584;17.40759152;22.27461113;2.213055653;2.802003563;182.8512676;94.39206457;15.4695431;3.467751978;0.28695561;1057.311766;202.5890003;3.001347276;97.95832605;853.0678939;628.4932651;;;;;;;;;;;;;;;;;;;;;;;;;;;;;;;;;;;;;;;;;;;;;;;;;;;;;;;;;;;;;;;;;;;;;;;;;;;;;;;;;;;;;;;;;;;;;;;;;;;;;;;;;;;;;;;;;;;;;;;;;;;;;;;;;;;;;;;;;;;;;;;;;;;;;;;;;;;;;;;;;;;;;;;;;;;;;;;;;;;;;
54;10.57091232;159.1989418;56.27851172;2.477245555;1.633238337;6.63364545;0.626678555;41.53603328;117.2297902;0.034320849;24.40833048;21.19645847;26.70600384;3.050428062;3.409104335;236.8950365;112.9817063;15.4695431;4.216056352;0.361593054;1144.126874;226.3531059;3.391933565;118.9788571;1059.036148;788.1188197;;;;;;;;;;;;;;;;;;;;;;;;;;;;;;;;;;;;;;;;;;;;;;;;;;;;;;;;;;;;;;;;;;;;;;;;;;;;;;;;;;;;;;;;;;;;;;;;;;;;;;;;;;;;;;;;;;;;;;;;;;;;;;;;;;;;;;;;;;;;;;;;;;;;;;;;;;;;;;;;;;;;;;;;;;;;;;;;;;;;;
55;13.99384563;160.6423039;56.29935484;2.813143257;2.106017856;6.63364545;0.678045649;45.46742737;138.5401193;0.034320849;27.80695878;24.98532543;31.01974895;3.170052692;3.595904573;265.1224026;126.3373713;20.01940872;5.037366031;0.388404563;1230.296948;250.1172115;4.508873305;140.3676525;1235.937854;934.9743301;;;;;;;;;;;;;;;;;;;;;;;;;;;;;;;;;;;;;;;;;;;;;;;;;;;;;;;;;;;;;;;;;;;;;;;;;;;;;;;;;;;;;;;;;;;;;;;;;;;;;;;;;;;;;;;;;;;;;;;;;;;;;;;;;;;;;;;;;;;;;;;;;;;;;;;;;;;;;;;;;;;;;;;;;;;;;;;;;;;;;
56;19.39863618;162.280715;56.31672411;3.233015385;2.535817418;6.942003224;0.77050642;53.50114574;166.5453541;0.034320849;31.82351949;33.83484684;42.00019106;5.024234455;3.82940487;296.8707297;142.9417115;25.07481496;5.803921732;0.476085444;1332.890608;281.208583;5.756008475;171.7290474;1405.610353;1026.694311;;;;;;;;;;;;;;;;;;;;;;;;;;;;;;;;;;;;;;;;;;;;;;;;;;;;;;;;;;;;;;;;;;;;;;;;;;;;;;;;;;;;;;;;;;;;;;;;;;;;;;;;;;;;;;;;;;;;;;;;;;;;;;;;;;;;;;;;;;;;;;;;;;;;;;;;;;;;;;;;;;;;;;;;;;;;;;;;;;;;;
57;23.51340685;164.0946701;56.34729402;4.198721279;3.037250241;7.028975929;0.873240609;58.97091144;193.2177358;0.034320849;36.55070248;38.92199687;60.74537437;5.2036714;4.529905761;346.7967645;158.8241239;33.66900557;6.451843812;0.52680992;1430.621695;303.8835004;7.099077119;214.2267573;1566.363977;1102.279168;;;;;;;;;;;;;;;;;;;;;;;;;;;;;;;;;;;;;;;;;;;;;;;;;;;;;;;;;;;;;;;;;;;;;;;;;;;;;;;;;;;;;;;;;;;;;;;;;;;;;;;;;;;;;;;;;;;;;;;;;;;;;;;;;;;;;;;;;;;;;;;;;;;;;;;;;;;;;;;;;;;;;;;;;;;;;;;;;;;;;
58;41.31991076;167.059414;56.38481164;4.534618982;3.896849366;7.305707265;0.934881123;65.80811857;218.8023868;0.034320849;40.35098685;55.32275662;65.96108437;5.442920659;4.763406058;393.7031275;172.9017167;33.66900557;7.32790747;0.642751581;1529.427841;341.3119668;8.661422276;251.7308021;1713.407772;1204.870944;;;;;;;;;;;;;;;;;;;;;;;;;;;;;;;;;;;;;;;;;;;;;;;;;;;;;;;;;;;;;;;;;;;;;;;;;;;;;;;;;;;;;;;;;;;;;;;;;;;;;;;;;;;;;;;;;;;;;;;;;;;;;;;;;;;;;;;;;;;;;;;;;;;;;;;;;;;;;;;;;;;;;;;;;;;;;;;;;;;;;
59;57.70346534;168.7563397;56.45012009;5.668273727;4.61318197;7.614065039;0.965701379;73.84183694;245.3981677;0.068641699;46.90107047;73.92264893;80.15722738;5.741982234;4.763406058;445.4672233;187.8817193;40.94879055;9.810087833;0.715215119;1615.71369;366.3632948;10.51156786;287.5702919;1881.219498;1324.288115;;;;;;;;;;;;;;;;;;;;;;;;;;;;;;;;;;;;;;;;;;;;;;;;;;;;;;;;;;;;;;;;;;;;;;;;;;;;;;;;;;;;;;;;;;;;;;;;;;;;;;;;;;;;;;;;;;;;;;;;;;;;;;;;;;;;;;;;;;;;;;;;;;;;;;;;;;;;;;;;;;;;;;;;;;;;;;;;;;;;;
60;77.00542555;171.6235591;56.48833248;6.424043558;5.888254005;7.961955861;1.160896339;77.77323104;304.1969046;0.068641699;50.17611228;86.13710813;92.70630408;5.741982234;4.950206295;524.4203;210.6224462;47.31860242;12.94019028;0.742026628;1682.698104;398.8409057;12.58098995;326.1496687;2051.619195;1446.984082;;;;;;;;;;;;;;;;;;;;;;;;;;;;;;;;;;;;;;;;;;;;;;;;;;;;;;;;;;;;;;;;;;;;;;;;;;;;;;;;;;;;;;;;;;;;;;;;;;;;;;;;;;;;;;;;;;;;;;;;;;;;;;;;;;;;;;;;;;;;;;;;;;;;;;;;;;;;;;;;;;;;;;;;;;;;;;;;;;;;;
61;100.5309169;174.7833518;56.57865267;7.095838962;8.581664596;8.705177163;1.263630528;87.00346065;341.7006326;0.102962548;55.49033107;106.9891242;110.1965797;5.921419179;4.950206295;607.1688534;223.7976292;57.63163115;14.10827515;0.906518859;1749.732137;439.1408682;16.01403786;370.47397;2226.895399;1590.301945;;;;;;;;;;;;;;;;;;;;;;;;;;;;;;;;;;;;;;;;;;;;;;;;;;;;;;;;;;;;;;;;;;;;;;;;;;;;;;;;;;;;;;;;;;;;;;;;;;;;;;;;;;;;;;;;;;;;;;;;;;;;;;;;;;;;;;;;;;;;;;;;;;;;;;;;;;;;;;;;;;;;;;;;;;;;;;;;;;;;;
62;132.467217;174.7833518;56.62242322;8.187506495;10.32951615;8.918655622;1.376638136;95.37903938;386.5733529;0.102962548;62.75103698;123.9462909;123.2554627;5.921419179;5.277106711;688.6164416;244.0116086;61.77706427;19.0178819;1.012315624;1828.823364;489.8376268;19.02908992;434.1689778;2396.867332;;;;;;;;;;;;;;;;;;;;;;;;;;;;;;;;;;;;;;;;;;;;;;;;;;;;;;;;;;;;;;;;;;;;;;;;;;;;;;;;;;;;;;;;;;;;;;;;;;;;;;;;;;;;;;;;;;;;;;;;;;;;;;;;;;;;;;;;;;;;;;;;;;;;;;;;;;;;;;;;;;;;;;;;;;;;;;;;;;;;;;
63;162.3551952;176.2657237;56.6870369;9.027250751;11.84814127;9.432585246;1.448552069;107.8569424;446.6589824;0.137283398;66.76759769;147.6068377;142.7457474;6.160668439;5.463906948;741.1324714;255.9234179;67.13579488;21.08940742;1.447821486;1906.029103;551.3272501;24.31228341;496.6855395;2549.450668;;;;;;;;;;;;;;;;;;;;;;;;;;;;;;;;;;;;;;;;;;;;;;;;;;;;;;;;;;;;;;;;;;;;;;;;;;;;;;;;;;;;;;;;;;;;;;;;;;;;;;;;;;;;;;;;;;;;;;;;;;;;;;;;;;;;;;;;;;;;;;;;;;;;;;;;;;;;;;;;;;;;;;;;;;;;;;;;;;;;;;
64;198.7234839;178.2162131;56.73567085;9.866995007;13.38109304;10.33393874;1.571833096;116.7453116;505.0134349;0.171604247;71.68016041;166.2597212;156.2360048;6.399917698;5.697407245;798.3033312;260.9769127;82.30201361;24.02787094;1.842747768;1981.862076;607.0738811;28.43057043;562.2365998;2698.504953;;;;;;;;;;;;;;;;;;;;;;;;;;;;;;;;;;;;;;;;;;;;;;;;;;;;;;;;;;;;;;;;;;;;;;;;;;;;;;;;;;;;;;;;;;;;;;;;;;;;;;;;;;;;;;;;;;;;;;;;;;;;;;;;;;;;;;;;;;;;;;;;;;;;;;;;;;;;;;;;;;;;;;;;;;;;;;;;;;;;;;
65;253.2789382;180.244722;56.8197381;10.58077762;14.97135142;10.96646751;1.674567285;125.1208904;575.654648;0.171604247;76.31465354;195.8817719;171.0203858;6.519542328;6.678108493;857.0616073;273.9716138;103.5347198;27.54125124;1.860139017;2061.333708;637.9672184;32.41866202;617.2552987;;;;;;;;;;;;;;;;;;;;;;;;;;;;;;;;;;;;;;;;;;;;;;;;;;;;;;;;;;;;;;;;;;;;;;;;;;;;;;;;;;;;;;;;;;;;;;;;;;;;;;;;;;;;;;;;;;;;;;;;;;;;;;;;;;;;;;;;;;;;;;;;;;;;;;;;;;;;;;;;;;;;;;;;;;;;;;;;;;;;;;;
66;307.1183862;182.0196674;56.89963674;11.21058582;16.27507676;11.60690288;1.787574894;137.0860028;615.4717187;0.171604247;81.13452639;225.7687783;178.785127;6.519542328;6.818208671;929.4382449;291.4783638;127.8006698;28.23480163;2.233326237;;;;;;;;;;;;;;;;;;;;;;;;;;;;;;;;;;;;;;;;;;;;;;;;;;;;;;;;;;;;;;;;;;;;;;;;;;;;;;;;;;;;;;;;;;;;;;;;;;;;;;;;;;;;;;;;;;;;;;;;;;;;;;;;;;;;;;;;;;;;;;;;;;;;;;;;;;;;;;;;;;;;;;;;;;;;;;;;;;;;;;;;;;;
67;367.0000818;184.8673818;56.97050335;11.88238122;17.83668184;13.38589004;1.931402759;144.2650703;682.5126965;0.171604247;85.46005331;253.1122098;190.667534;6.579354643;7.051708968;1012.055508;339.6670469;152.1677279;;;;;;;;;;;;;;;;;;;;;;;;;;;;;;;;;;;;;;;;;;;;;;;;;;;;;;;;;;;;;;;;;;;;;;;;;;;;;;;;;;;;;;;;;;;;;;;;;;;;;;;;;;;;;;;;;;;;;;;;;;;;;;;;;;;;;;;;;;;;;;;;;;;;;;;;;;;;;;;;;;;;;;;;;;;;;;;;;;;;;;;;;;;;;
68;425.6340533;186.9153957;57.05596015;12.51218941;19.88539309;14.7537335;2.085504043;150.2476265;798.6087955;0.171604247;89.84737347;298.7640822;200.6283636;6.818603903;7.425309443;1088.02472;;;;;;;;;;;;;;;;;;;;;;;;;;;;;;;;;;;;;;;;;;;;;;;;;;;;;;;;;;;;;;;;;;;;;;;;;;;;;;;;;;;;;;;;;;;;;;;;;;;;;;;;;;;;;;;;;;;;;;;;;;;;;;;;;;;;;;;;;;;;;;;;;;;;;;;;;;;;;;;;;;;;;;;;;;;;;;;;;;;;;;;;;;;;;;;
69;488.8389852;188.4367774;57.10876272;12.84808712;21.83381777;14.7537335;2.177964813;158.2813449;873.0800462;0.205925097;96.27387061;329.313478;209.0205587;6.818603903;7.752209858;1146.90235;;;;;;;;;;;;;;;;;;;;;;;;;;;;;;;;;;;;;;;;;;;;;;;;;;;;;;;;;;;;;;;;;;;;;;;;;;;;;;;;;;;;;;;;;;;;;;;;;;;;;;;;;;;;;;;;;;;;;;;;;;;;;;;;;;;;;;;;;;;;;;;;;;;;;;;;;;;;;;;;;;;;;;;;;;;;;;;;;;;;;;;;;;;;;;;
70;568.4909152;190.8748891;57.16503915;13.51988252;23.65330258;15.44160854;2.239605326;170.9301781;905.4974843;0.205925097;102.9784373;343.5945919;217.6480489;;;;;;;;;;;;;;;;;;;;;;;;;;;;;;;;;;;;;;;;;;;;;;;;;;;;;;;;;;;;;;;;;;;;;;;;;;;;;;;;;;;;;;;;;;;;;;;;;;;;;;;;;;;;;;;;;;;;;;;;;;;;;;;;;;;;;;;;;;;;;;;;;;;;;;;;;;;;;;;;;;;;;;;;;;;;;;;;;;;;;;;;;;;;;;;;;;
71;644.623236;192.8448833;57.22201034;13.81379301;25.37250083;17.2205957;2.39370661;179.3057568;985.6678309;0.308887645;107.6129305;;;;;;;;;;;;;;;;;;;;;;;;;;;;;;;;;;;;;;;;;;;;;;;;;;;;;;;;;;;;;;;;;;;;;;;;;;;;;;;;;;;;;;;;;;;;;;;;;;;;;;;;;;;;;;;;;;;;;;;;;;;;;;;;;;;;;;;;;;;;;;;;;;;;;;;;;;;;;;;;;;;;;;;;;;;;;;;;;;;;;;;;;;;;;;;;;;;;
72;735.5016622;194.5808189;57.27133907;14.23366514;26.86247265;19.72699094;2.434800286;190.4162184;1378.093481;;;;;;;;;;;;;;;;;;;;;;;;;;;;;;;;;;;;;;;;;;;;;;;;;;;;;;;;;;;;;;;;;;;;;;;;;;;;;;;;;;;;;;;;;;;;;;;;;;;;;;;;;;;;;;;;;;;;;;;;;;;;;;;;;;;;;;;;;;;;;;;;;;;;;;;;;;;;;;;;;;;;;;;;;;;;;;;;;;;;;;;;;;;;;;;;;;;;;;
73;832.5794345;196.2582397;57.32622595;14.61155005;28.33811781;20.69159731;2.465620543;203.2359818;;;;;;;;;;;;;;;;;;;;;;;;;;;;;;;;;;;;;;;;;;;;;;;;;;;;;;;;;;;;;;;;;;;;;;;;;;;;;;;;;;;;;;;;;;;;;;;;;;;;;;;;;;;;;;;;;;;;;;;;;;;;;;;;;;;;;;;;;;;;;;;;;;;;;;;;;;;;;;;;;;;;;;;;;;;;;;;;;;;;;;;;;;;;;;;;;;;;;;;
74;933.0740979;198.0916997;57.34845861;14.90546054;29.61318985;24.81884752;;;;;;;;;;;;;;;;;;;;;;;;;;;;;;;;;;;;;;;;;;;;;;;;;;;;;;;;;;;;;;;;;;;;;;;;;;;;;;;;;;;;;;;;;;;;;;;;;;;;;;;;;;;;;;;;;;;;;;;;;;;;;;;;;;;;;;;;;;;;;;;;;;;;;;;;;;;;;;;;;;;;;;;;;;;;;;;;;;;;;;;;;;;;;;;;;;;;;;;;;
