;Monaco;Gibraltar-United Kingdom;San Marino;Saint Barthelemy-France;Sint Maarten-Netherlands;Andorra;Liechtenstein;Montserrat-United Kingdom;St Martin-France;BermudaUnited Kingdom;Channel Islands-United Kingdom;Aruba-Netherlands;Faroe Islands-Denmark;Isle of Man-United Kingdom;Anguilla-United Kingdom;Cayman Islands-United Kingdom;Luxembourg;Malta;Mayotte-France;British Virgin Islands-United Kingdom;Saint Kitts and Nevis;Bahrain;Barbados;Martinique-France;Antigua and Barbuda;Grenada;Singapore;Dominica;Seychelles;Guadeloupe-France;Saint Vincent and the Grenadines;Curacao-Netherlands;Reunion-France;Turks and Caicos Islands-United Kingdom;Saint Lucia;Maldives;Mauritius;Switzerland;Brunei;Belgium;Israel;Qatar;French Polynesia-France;Cyprus;Iceland;Netherlands;Montenegro;Slovenia;Holy See;Estonia;Denmark;Austria;Trinidad and Tobago;Ireland;Portugal;North Macedonia;Armenia;Lebanon;Bahamas;Italy;Kuwait;Moldova;Spain;Czechia;Panama;Croatia;Lithuania;Latvia;Albania;Bosnia and Herzegovina;New Caledonia-France;Germany;Cabo Verde;Dominican Republic;Norway;French Guiana-France;United Kingdom;France;Djibouti;Serbia;Korea, South;United Arab Emirates;Slovakia;Costa Rica;Jamaica;Sweden;Greece;Romania;Ecuador;Hungary;New Zealand;Fiji;Bulgaria;Uruguay;Azerbaijan;Georgia;Eswatini;Belize;Taiwan*;El Salvador;Iran;Equatorial Guinea;Turkey;Jordan;Malaysia;Guinea-Bissau;Rwanda;Poland;Tunisia;Chile;Honduras;Cuba;Belarus;Oman;Bhutan;Gambia;Guyana;Sri Lanka;Suriname;Kyrgyzstan;US;Philippines;Togo;Eritrea;Finland;Japan;Senegal;Haiti;Thailand;Morocco;Burkina Faso;Timor-Leste;Iraq;Ukraine;Cameroon;Peru;Cambodia;Gabon;Canada;Guinea;Paraguay;Guatemala;Cote d'Ivoire;Ghana;Saudi Arabia;Australia;Colombia;South Africa;Liberia;Uzbekistan;Pakistan;Argentina;Afghanistan;Benin;Algeria;Bolivia;Kazakhstan;Egypt;Burundi;Vietnam;Sierra Leone;Mexico;Namibia;Nicaragua;Venezuela;China;Laos;Brazil;Uganda;Syria;Niger;Madagascar;Indonesia;Kenya;Bangladesh;Botswana;Zambia;`;Mongolia;Malawi;Nepal;Russia;Mali;Zimbabwe;Libya;Mauritania;Nigeria;India;Somalia;Chad;Mozambique;Tanzania;Ethiopia;Papua New Guinea;Angola;Sudan
Density;26337;3369;566;470;1261;164;238;50;730;1246;915;593;35;149;167;274;242;1380;728;202;205;2239;668;354;223;331;8358;96;214;237;284;370;358;41;301;1802;626;219;83;383;400;248;77;131;3;508;47;103;2003;31;137;109;273;72;111;83;104;667;39;206;240;123;94;139;58;73;43;30;105;64;16;240;138;225;15;4;281;119;43;100;527;118;114;100;273;25;81;84;71;107;18;49;64;20;123;57;67;17;673;313;52;50;110;115;99;70;525;124;76;26;89;106;47;16;20;239;4;341;4;34;36;368;152;35;18;347;87;414;137;83;76;89;93;75;56;26;95;9;4;53;18;167;83;137;16;3;46;49;53;79;287;17;60;108;18;11;7;103;463;314;111;66;3;55;32;153;32;25;229;95;19;48;151;94;1265;4;25;8;2;203;203;9;17;38;4;5;226;464;25;13;40;67;115;20;26;25
22/01/2020;0;0;0;0;0;0;0;0;0;0;0;0;0;0;0;0;0;0;0;0;0;0;0;0;0;0;0;0;0;0;0;0;0;0;0;0;0;0;0;0;0;0;0;0;0;0;0;0;0;0;0;0;0;0;0;0;0;0;0;0;0;0;0;0;0;0;0;0;0;0;0;0;0;0;0;0;0;0;0;0;0.200492341;0;0;0;0;0;0;0;0;0;0;0;0;0;0;0;0;0;1.186449224;0;0;0;0;0;0;0;0;0;0;0;0;0;0;0;0;0;0;0;0;0;0.000328579;0;0;0;0;0.043385046;0;0;0.056239311;0;0;0;0;0;0;0;0;0;0;0;0;0;0;0;0;0;0;0;0;0;0;0;0;0;0;0;0;0;0;0;0;0;0;0;0;0.04047203;0;0;0;0;0;0;0;0;0;0;0;0;0;0;0;0;0;0;0;0;0;0;0;0;0;0;0;0;0;0
23/01/2020;0;0;0;0;0;0;0;0;0;0;0;0;0;0;0;0;0;0;0;0;0;0;0;0;0;0;244.1967373;0;0;0;0;0;0;0;0;0;0;0;0;0;0;0;0;0;0;0;0;0;0;0;0;0;0;0;0;0;0;0;0;0;0;0;0;0;0;0;0;0;0;0;0;0;0;0;0;0;0;0;0;0;0.200492341;0;0;0;0;0;0;0;0;0;0;0;0;0;0;0;0;0;1.186449224;0;0;0;0;0;0;0;0;0;0;0;0;0;0;0;0;0;0;0;0;0;0.000328579;0;0;0;0;0.043385046;0;0;0.084358966;0;0;0;0;0;0;0;0;0;0;0;0;0;0;0;0;0;0;0;0;0;0;0;0;0;0;0;0;0;0;0.06628109;0;0;0;0;0;0.047488167;0;0;0;0;0;0;0;0;0;0;0;0;0;0;0;0;0;0;0;0;0;0;0;0;0;0;0;0;0;0
24/01/2020;0;0;0;0;0;0;0;0;0;0;0;0;0;0;0;0;0;0;0;0;0;0;0;0;0;0;732.5902119;0;0;0;0;0;0;0;0;0;0;0;0;0;0;0;0;0;0;0;0;0;0;0;0;0;0;0;0;0;0;0;0;0;0;0;0;0;0;0;0;0;0;0;0;0;0;0;0;0;0;0.055860267;0;0;0.400984683;0;0;0;0;0;0;0;0;0;0;0;0;0;0;0;0;0;3.559347671;0;0;0;0;0;0;0;0;0;0;0;0;0;0;0;0;0;0;0;0;0;0.000657158;0;0;0;0;0.043385046;0;0;0.140598277;0;0;0;0;0;0;0;0;0;0;0;0;0;0;0;0;0;0;0;0;0;0;0;0;0;0;0;0;0;0;0.06628109;0;0;0;0;0;0.067945744;0;0;0;0;0;0;0;0;0;0;0;0;0;0;0;0;0;0;0;0;0;0;0;0;0;0;0;0;0;0
25/01/2020;0;0;0;0;0;0;0;0;0;0;0;0;0;0;0;0;0;0;0;0;0;0;0;0;0;0;732.5902119;0;0;0;0;0;0;0;0;0;0;0;0;0;0;0;0;0;0;0;0;0;0;0;0;0;0;0;0;0;0;0;0;0;0;0;0;0;0;0;0;0;0;0;0;0;0;0;0;0;0;0.083790401;0;0;0.400984683;0;0;0;0;0;0;0;0;0;0;0;0;0;0;0;0;0;3.559347671;0;0;0;0;0;0.283516551;0;0;0;0;0;0;0;0;0;0;0;0;0;0;0;0.000657158;0;0;0;0;0.043385046;0;0;0.196837588;0;0;0;0;0;0;0;0;0;0;0;0;0;0;0;0;0;0;0;0;0;0;0;0;0;0;0;0;0;0;0.06628109;0;0;0;0;0;0.103838822;0;0;0;0;0;0;0;0;0;0;0;0;0;0;0.239117903;0;0;0;0;0;0;0;0;0;0;0;0;0;0;0
26/01/2020;0;0;0;0;0;0;0;0;0;0;0;0;0;0;0;0;0;0;0;0;0;0;0;0;0;0;976.7869492;0;0;0;0;0;0;0;0;0;0;0;0;0;0;0;0;0;0;0;0;0;0;0;0;0;0;0;0;0;0;0;0;0;0;0;0;0;0;0;0;0;0;0;0;0;0;0;0;0;0;0.083790401;0;0;0.601477024;0;0;0;0;0;0;0;0;0;0;0;0;0;0;0;0;0;4.745796895;0;0;0;0;0;0.378022068;0;0;0;0;0;0;0;0;0;0;0;0;0;0;0;0.001642894;0;0;0;0;0.086770092;0;0;0.224957244;0;0;0;0;0;0;0;0;0;0.002808062;0;0;0;0;0;0;0.018454609;0;0;0;0;0;0;0;0;0;0;0;0;0;0.06628109;0;0;0;0;0;0.153247195;0;0;0;0;0;0;0;0;0;0;0;0;0;0;0.239117903;0;0;0;0;0;0;0;0;0;0;0;0;0;0;0
27/01/2020;0;0;0;0;0;0;0;0;0;0;0;0;0;0;0;0;0;0;0;0;0;0;0;0;0;0;1220.983687;0;0;0;0;0;0;0;0;0;0;0;0;0;0;0;0;0;0;0;0;0;0;0;0;0;0;0;0;0;0;0;0;0;0;0;0;0;0;0;0;0;0;0;0;0.034189257;0;0;0;0;0;0.083790401;0;0;0.801969366;0;0;0;0;0;0;0;0;0;0;0;0;0;0;0;0;0;5.932246119;0;0;0;0;0;0.378022068;0;0;0;0;0;0;0;0;0;0;0;0;0.743685381;0;0;0.001642894;0;0;0;0;0.086770092;0;0;0.224957244;0;0;0;0;0;0;0;0.339863737;0;0.002808062;0;0;0;0;0;0;0.023068261;0;0;0;0;0;0;0;0;0;0;0;0;0;0.06628109;0;0;0;0;0;0.212478158;0;0;0;0;0;0;0;0;0;0;0;0;0;0;0.239117903;0;0;0;0;0;0;0;0;0;0;0;0;0;0;0
28/01/2020;0;0;0;0;0;0;0;0;0;0;0;0;0;0;0;0;0;0;0;0;0;0;0;0;0;0;1709.377161;0;0;0;0;0;0;0;0;0;0;0;0;0;0;0;0;0;0;0;0;0;0;0;0;0;0;0;0;0;0;0;0;0;0;0;0;0;0;0;0;0;0;0;0;0.136757028;0;0;0;0;0;0.111720535;0;0;0.801969366;0;0;0;0;0;0;0;0;0;0;0;0;0;0;0;0;0;9.49159379;0;0;0;0;0;0.378022068;0;0;0;0;0;0;0;0;0;0;0;0;0.743685381;0;0;0.001642894;0;0;0;0;0.15184766;0;0;0.393675177;0;0;0;0;0;0;0;0.339863737;0;0.005616123;0;0;0;0;0;0;0.023068261;0;0;0;0;0;0;0;0;0;0;0;0;0;0.06628109;0;0;0;0;0;0.40686207;0;0;0;0;0;0;0;0;0;0;0;0;0;0;0.239117903;0;0;0;0;0;0;0;0;0;0;0;0;0;0;0
29/01/2020;0;0;0;0;0;0;0;0;0;0;0;0;0;0;0;0;0;0;0;0;0;0;0;0;0;0;1709.377161;0;0;0;0;0;0;0;0;0;0;0;0;0;0;0;0;0;0;0;0;0;0;0;0;0;0;0;0;0;0;0;0;0;0;0;0;0;0;0;0;0;0;0;0;0.136757028;0;0;0;0;0;0.139650668;0;0;0.801969366;4.825186572;0;0;0;0;0;0;0;0;0;0;0;0;0;0;0;0;9.49159379;0;0;0;0;0;0.661538618;0;0;0;0;0;0;0;0;0;0;0;0;0.743685381;0;0;0.001642894;0;0;0;0.03925612;0.15184766;0;0;0.393675177;0;0;0;0;0;0;0;0.339863737;0;0.005616123;0;0;0;0;0;0;0.027681913;0;0;0;0;0;0;0;0;0;0;0;0;0;0.06628109;0;0;0;0;0;0.449549722;0;0;0;0;0;0;0;0;0;0;0;0;0;0;0.239117903;0;0;0;0;0;0;0;0;0;0;0;0;0;0;0
30/01/2020;0;0;0;0;0;0;0;0;0;0;0;0;0;0;0;0;0;0;0;0;0;0;0;0;0;0;2441.967373;0;0;0;0;0;0;0;0;0;0;0;0;0;0;0;0;0;0;0;0;0;0;0;0;0;0;0;0;0;0;0;0;0;0;0;0;0;0;0;0;0;0;0;0;0.136757028;0;0;0;0;0;0.139650668;0;0;0.801969366;4.825186572;0;0;0;0;0;0;0;0;0;0;0;0;0;0;0;0;10.67804301;0;0;0;0;0;0.756044135;0;0;0;0;0;0;0;0;0;0;0;0;0.743685381;0;0;0.001642894;0.030646204;0;0;0.03925612;0.238617752;0;0;0.393675177;0;0;0;0;0;0;0;0.339863737;0;0.005616123;0;0;0;0;0;0;0.041522869;0;0;0;0;0;0;0;0;0;0;0;0;0;0.06628109;0;0;0;0;0;0.601245981;0;0;0;0;0;0;0;0;0;0;0;0;0;0;0.239117903;0;0;0;0;0;0;0.000243645;0;0;0;0;0;0;0;0
31/01/2020;0;0;0;0;0;0;0;0;0;0;0;0;0;0;0;0;0;0;0;0;0;0;0;0;0;0;3174.557585;0;0;0;0;0;0;0;0;0;0;0;0;0;0;0;0;0;0;0;0;0;0;0;0;0;0;0;0;0;0;0;0;0.112702798;0;0;0;0;0;0;0;0;0;0;0;0.170946285;0;0;0;0;0.121948296;0.139650668;0;0;2.205415756;4.825186572;0;0;0;0.245109685;0;0;0;0;0;0;0;0;0;0;0;0;11.86449224;0;0;0;0;0;0.756044135;0;0;0;0;0;0;0;0;0;0;0;0;0.743685381;0;0;0.002300052;0.030646204;0;0;0.03925612;0.325387844;0;0;0.534273454;0;0;0;0;0;0;0;0.339863737;0;0.011232246;0;0;0;0;0;0;0.041522869;0;0;0;0;0;0;0;0;0;0;0;0;0;0.06628109;0;0;0;0;0;0.723917591;0;0;0;0;0;0;0;0;0;0;0;0;0;0;0.239117903;0.000845195;0;0;0;0;0;0.000243645;0;0;0;0;0;0;0;0
01/02/2020;0;0;0;0;0;0;0;0;0;0;0;0;0;0;0;0;0;0;0;0;0;0;0;0;0;0;3907.147797;0;0;0;0;0;0;0;0;0;0;0;0;0;0;0;0;0;0;0;0;0;0;0;0;0;0;0;0;0;0;0;0;0.112702798;0;0;0.043000733;0;0;0;0;0;0;0;0;0.273514055;0;0;0;0;0.121948296;0.167580802;0;0;2.405908097;4.825186572;0;0;0;0.245109685;0;0;0;0;0;0;0;0;0;0;0;0;11.86449224;0;0;0;0;0;0.756044135;0;0;0;0;0;0;0;0;0;0;0;0;0.743685381;0;0;0.002628631;0.030646204;0;0;0.03925612;0.433850458;0;0;0.534273454;0;0;0;0;0;0;0;0.339863737;0;0.011232246;0;0;0;0;0;0;0.055363826;0;0;0;0;0;0;0;0;0;0;0;0;0;0.198843269;0;0;0;0;0;0.878198743;0;0;0;0;0;0;0;0;0;0;0;0;0;0;0.239117903;0.000845195;0;0;0;0;0;0.000243645;0;0;0;0;0;0;0;0
02/02/2020;0;0;0;0;0;0;0;0;0;0;0;0;0;0;0;0;0;0;0;0;0;0;0;0;0;0;4395.541272;0;0;0;0;0;0;0;0;0;0;0;0;0;0;0;0;0;0;0;0;0;0;0;0;0;0;0;0;0;0;0;0;0.112702798;0;0;0.043000733;0;0;0;0;0;0;0;0;0.341892569;0;0;0;0;0.121948296;0.167580802;0;0;3.007385121;6.031483214;0;0;0;0.245109685;0;0;0;0;0;0;0;0;0;0;0;0;11.86449224;0;0;0;0;0;0.756044135;0;0;0;0;0;0;0;0;0;0;0;0;0.743685381;0;0;0.002628631;0.061292407;0;0;0.03925612;0.433850458;0;0;0.534273454;0;0;0;0;0;0;0;0.339863737;0;0.011232246;0;0;0;0;0;0;0.055363826;0;0;0;0;0;0;0;0;0;0;0;0;0;0.198843269;0;0;0;0;0;1.228193179;0;0;0;0;0;0;0;0;0;0;0;0;0;0;0.239117903;0.000845195;0;0;0;0;0;0.000487289;0;0;0;0;0;0;0;0
03/02/2020;0;0;0;0;0;0;0;0;0;0;0;0;0;0;0;0;0;0;0;0;0;0;0;0;0;0;4395.541272;0;0;0;0;0;0;0;0;0;0;0;0;0;0;0;0;0;0;0;0;0;0;0;0;0;0;0;0;0;0;0;0;0.112702798;0;0;0.043000733;0;0;0;0;0;0;0;0;0.410271083;0;0;0;0;0.121948296;0.167580802;0;0;3.007385121;6.031483214;0;0;0;0.245109685;0;0;0;0;0;0;0;0;0;0;0;0;11.86449224;0;0;0;0;0;0.756044135;0;0;0;0;0;0;0;0;0;0;0;0;0.743685381;0;0;0.003614367;0.061292407;0;0;0.03925612;0.433850458;0;0;0.534273454;0;0;0;0;0;0;0;0.339863737;0;0.011232246;0;0;0;0;0;0;0.055363826;0;0;0;0;0;0;0;0;0;0;0;0;0;0.265124359;0;0;0;0;0;1.456106838;0;0;0;0;0;0;0;0;0;0;0;0;0;0;0.239117903;0.000845195;0;0;0;0;0;0.000730934;0;0;0;0;0;0;0;0
04/02/2020;0;0;0;0;0;0;0;0;0;0;0;0;0;0;0;0;0;0;0;0;0;0;0;0;0;0;5860.721695;0;0;0;0;0;0;0;0;0;0;0;0;2.851413202;0;0;0;0;0;0;0;0;0;0;0;0;0;0;0;0;0;0;0;0.112702798;0;0;0.043000733;0;0;0;0;0;0;0;0;0.410271083;0;0;0;0;0.121948296;0.167580802;0;0;3.207877463;6.031483214;0;0;0;0.245109685;0;0;0;0;0;0;0;0;0;0;0;0;13.05094146;0;0;0;0;0;0.945055169;0;0;0;0;0;0;0;0;0;0;0;0;0.743685381;0;0;0.003614367;0.061292407;0;0;0.03925612;0.477235504;0;0;0.702991387;0;0;0;0;0;0;0;0.339863737;0;0.011232246;0;0;0;0;0;0;0.059977478;0;0;0;0;0;0;0;0;0;0;0;0;0;0.265124359;0;0;0;0;0;1.75085843;0;0;0;0;0;0;0;0;0;0;0;0;0;0;0.239117903;0.000845195;0;0;0;0;0;0.000730934;0;0;0;0;0;0;0;0
05/02/2020;0;0;0;0;0;0;0;0;0;0;0;0;0;0;0;0;0;0;0;0;0;0;0;0;0;0;6837.508645;0;0;0;0;0;0;0;0;0;0;0;0;2.851413202;0;0;0;0;0;0;0;0;0;0;0;0;0;0;0;0;0;0;0;0.112702798;0;0;0.043000733;0;0;0;0;0;0;0;0;0.410271083;0;0;0;0;0.121948296;0.167580802;0;0;3.809354487;6.031483214;0;0;0;0.245109685;0;0;0;0;0;0;0;0;0;0;0;0;13.05094146;0;0;0;0;0;1.134066203;0;0;0;0;0;0;0;0;0;0;0;0;0.743685381;0;0;0.003614367;0.061292407;0;0;0.03925612;0.477235504;0;0;0.702991387;0;0;0;0;0;0;0;0.339863737;0;0.014040308;0;0;0;0;0;0;0.059977478;0;0;0;0;0;0;0;0;0;0;0;0;0;0.265124359;0;0;0;0;0;2.026555672;0;0;0;0;0;0;0;0;0;0;0;0;0;0;0.239117903;0.000845195;0;0;0;0;0;0.000730934;0;0;0;0;0;0;0;0
06/02/2020;0;0;0;0;0;0;0;0;0;0;0;0;0;0;0;0;0;0;0;0;0;0;0;0;0;0;6837.508645;0;0;0;0;0;0;0;0;0;0;0;0;2.851413202;0;0;0;0;0;0;0;0;0;0;0;0;0;0;0;0;0;0;0;0.112702798;0;0;0.043000733;0;0;0;0;0;0;0;0;0.410271083;0;0;0;0;0.121948296;0.167580802;0;0;4.611323853;6.031483214;0;0;0;0.245109685;0;0;0;0;0;0;0;0;0;0;0;0;18.98318758;0;0;0;0;0;1.134066203;0;0;0;0;0;0;0;0;0;0;0;0;0.743685381;0;0;0.003614367;0.061292407;0;0;0.03925612;0.477235504;0;0;0.702991387;0;0;0;0;0;0;0;0.339863737;0;0.014040308;0;0;0;0;0;0;0.06459113;0;0;0;0;0;0;0;0;0;0;0;0;0;0.331405449;0;0;0;0;0;2.258974429;0;0;0;0;0;0;0;0;0;0;0;0;0;0;0.239117903;0.000845195;0;0;0;0;0;0.000730934;0;0;0;0;0;0;0;0
07/02/2020;0;0;0;0;0;0;0;0;0;0;0;0;0;0;0;0;0;0;0;0;0;0;0;0;0;0;7325.902119;0;0;0;0;0;0;0;0;0;0;0;0;2.851413202;0;0;0;0;0;0;0;0;0;0;0;0;0;0;0;0;0;0;0;0.169054197;0;0;0.043000733;0;0;0;0;0;0;0;0;0.44446034;0;0;0;0;0.182922444;0.167580802;0;0;4.811816194;6.031483214;0;0;0;0.245109685;0;0;0;0;0;0;0;0;0;0;0;0;18.98318758;0;0;0;0;0;1.134066203;0;0;0;0;0;0;0;0;0;0;0;0;0.743685381;0;0;0.003614367;0.091938611;0;0;0.03925612;0.542313073;0;0;0.702991387;0;0;0;0;0;0;0;0.339863737;0;0.019656431;0;0;0;0;0;0;0.069204782;0;0;0;0;0;0;0;0;0;0;0;0;0;0.331405449;0;0;0;0;0;2.519162317;0;0;0;0;0;0;0;0;0;0;0;0;0;0;0.239117903;0.000845195;0;0;0;0;0;0.000730934;0;0;0;0;0;0;0;0
08/02/2020;0;0;0;0;0;0;0;0;0;0;0;0;0;0;0;0;0;0;0;0;0;0;0;0;0;0;8058.492331;0;0;0;0;0;0;0;0;0;0;0;0;2.851413202;0;0;0;0;0;0;0;0;0;0;0;0;0;0;0;0;0;0;0;0.169054197;0;0;0.043000733;0;0;0;0;0;0;0;0;0.44446034;0;0;0;0;0.182922444;0.30723147;0;0;4.811816194;8.4440765;0;0;0;0.245109685;0;0;0;0;0;0;0;0;0;0;0;0;20.1696368;0;0;0;0;0;1.51208827;0;0;0;0;0;0;0;0;0;0;0;0;0.743685381;0;0;0.003614367;0.091938611;0;0;0.03925612;0.542313073;0;0;0.899828976;0;0;0;0;0;0;0;0.339863737;0;0.019656431;0;0;0;0;0;0;0.069204782;0;0;0;0;0;0;0;0;0;0;0;0;0;0.430827083;0;0;0;0;0;2.718863721;0;0;0;0;0;0;0;0;0;0;0;0;0;0;0.239117903;0.000845195;0;0;0;0;0;0.000730934;0;0;0;0;0;0;0;0
09/02/2020;0;0;0;0;0;0;0;0;0;0;0;0;0;0;0;0;0;0;0;0;0;0;0;0;0;0;9767.869492;0;0;0;0;0;0;0;0;0;0;0;0;2.851413202;0;0;0;0;0;0;0;0;0;0;0;0;0;0;0;0;0;0;0;0.169054197;0;0;0.086001465;0;0;0;0;0;0;0;0;0.478649597;0;0;0;0;0.182922444;0.30723147;0;0;5.012308536;8.4440765;0;0;0;0.245109685;0;0;0;0;0;0;0;0;0;0;0;0;21.35608603;0;0;0;0;0;1.51208827;0;0;0;0;0;0;0;0;0;0;0;0;0.743685381;0;0;0.003614367;0.091938611;0;0;0.03925612;0.564005596;0;0;0.899828976;0;0;0;0;0;0;0;0.339863737;0;0.019656431;0;0;0;0;0;0;0.069204782;0;0;0;0;0;0;0;0;0;0;0;0;0;0.430827083;0;0;0;0;0;2.941533741;0;0;0;0;0;0;0;0;0;0;0;0;0;0;0.239117903;0.000845195;0;0;0;0;0;0.000730934;0;0;0;0;0;0;0;0
10/02/2020;0;0;0;0;0;0;0;0;0;0;0;0;0;0;0;0;0;0;0;0;0;0;0;0;0;0;10988.85318;0;0;0;0;0;0;0;0;0;0;0;0;2.851413202;0;0;0;0;0;0;0;0;0;0;0;0;0;0;0;0;0;0;0;0.169054197;0;0;0.086001465;0;0;0;0;0;0;0;0;0.478649597;0;0;0;0;0.487793183;0.30723147;0;0;5.413293219;9.650373143;0;0;0;0.245109685;0;0;0;0;0;0;0;0;0;0;0;0;21.35608603;0;0;0;0;0;1.701099304;0;0;0;0;0;0;0;0;0;0;0;0;0.743685381;0;0;0.003614367;0.091938611;0;0;0.03925612;0.564005596;0;0;0.899828976;0;0;0;0;0;0;0;0.339863737;0;0.019656431;0;0;0;0;0;0;0.069204782;0;0;0;0;0;0;0;0;0;0;0;0;0;0.463967628;0;0;0;0;0;3.128015267;0;0;0;0;0;0;0;0;0;0;0;0;0;0;0.239117903;0.000845195;0;0;0;0;0;0.000730934;0;0;0;0;0;0;0;0
11/02/2020;0;0;0;0;0;0;0;0;0;0;0;0;0;0;0;0;0;0;0;0;0;0;0;0;0;0;11477.24665;0;0;0;0;0;0;0;0;0;0;0;0;2.851413202;0;0;0;0;0;0;0;0;0;0;0;0;0;0;0;0;0;0;0;0.169054197;0;0;0.086001465;0;0;0;0;0;0;0;0;0.547028111;0;0;0;0;0.487793183;0.30723147;0;0;5.61378556;9.650373143;0;0;0;0.245109685;0;0;0;0;0;0;0;0;0;0;0;0;21.35608603;0;0;0;0;0;1.701099304;0;0;0;0;0;0;0;0;0;0;0;0;0.743685381;0;0;0.003942946;0.091938611;0;0;0.03925612;0.564005596;0;0;0.927948631;0;0;0;0;0;0;0;0.339863737;0;0.019656431;0;0;0;0;0;0;0.069204782;0;0;0;0;0;0;0;0;0;0;0;0;0;0.497108173;0;0;0;0;0;3.278086737;0;0;0;0;0;0;0;0;0;0;0;0;0;0;0.239117903;0.000845195;0;0;0;0;0;0.000730934;0;0;0;0;0;0;0;0
12/02/2020;0;0;0;0;0;0;0;0;0;0;0;0;0;0;0;0;0;0;0;0;0;0;0;0;0;0;12209.83687;0;0;0;0;0;0;0;0;0;0;0;0;2.851413202;0;0;0;0;0;0;0;0;0;0;0;0;0;0;0;0;0;0;0;0.169054197;0;0;0.086001465;0;0;0;0;0;0;0;0;0.547028111;0;0;0;0;0.548767331;0.30723147;0;0;5.61378556;9.650373143;0;0;0;0.245109685;0;0;0;0;0;0;0;0;0;0;0;0;21.35608603;0;0;0;0;0;1.701099304;0;0;0;0;0;0;0;0;0;0;0;0;0.743685381;0;0;0.003942946;0.091938611;0;0;0.03925612;0.607390642;0;0;0.927948631;0;0;0;0;0;0;0;0.339863737;0;0.019656431;0;0;0;0;0;0;0.069204782;0;0;0;0;0;0;0;0;0;0;0;0;0;0.497108173;0;0;0;0;0;3.305634305;0;0;0;0;0;0;0;0;0;0;0;0;0;0;0.239117903;0.000845195;0;0;0;0;0;0.000730934;0;0;0;0;0;0;0;0
13/02/2020;0;0;0;0;0;0;0;0;0;0;0;0;0;0;0;0;0;0;0;0;0;0;0;0;0;0;14163.41076;0;0;0;0;0;0;0;0;0;0;0;0;2.851413202;0;0;0;0;0;0;0;0;0;0;0;0;0;0;0;0;0;0;0;0.169054197;0;0;0.086001465;0;0;0;0;0;0;0;0;0.547028111;0;0;0;0;0.548767331;0.30723147;0;0;5.61378556;9.650373143;0;0;0;0.245109685;0;0;0;0;0;0;0;0;0;0;0;0;21.35608603;0;0;0;0;0;1.795604821;0;0;0;0;0;0;0;0;0;0;0;0;0.743685381;0;0;0.004271525;0.091938611;0;0;0.03925612;0.607390642;0;0;0.927948631;0;0;0;0;0;0;0;0.339863737;0;0.019656431;0;0;0;0;0;0;0.069204782;0;0;0;0;0;0;0;0;0;0;0;0;0;0.530248718;0;0;0;0;0;4.423489503;0;0;0;0;0;0;0;0;0;0;0;0;0;0;0.239117903;0.000845195;0;0;0;0;0;0.000730934;0;0;0;0;0;0;0;0
14/02/2020;0;0;0;0;0;0;0;0;0;0;0;0;0;0;0;0;0;0;0;0;0;0;0;0;0;0;16361.1814;0;0;0;0;0;0;0;0;0;0;0;0;2.851413202;0;0;0;0;0;0;0;0;0;0;0;0;0;0;0;0;0;0;0;0.169054197;0;0;0.086001465;0;0;0;0;0;0;0;0;0.547028111;0;0;0;0;0.548767331;0.30723147;0;0;5.61378556;9.650373143;0;0;0;0.245109685;0;0;0;0;0;0;0;0;0;0;0;0;21.35608603;0;0;0;0;0;1.795604821;0;0;0;0;0;0;0;0;0;0;0;0;0.743685381;0;0;0.004271525;0.091938611;0;0;0.03925612;0.629083165;0;0;0.927948631;0;0;0;0;0;0;0;0.339863737;0;0.019656431;0;0;0;0;0;0;0.069204782;0;0;0;0;0;0;0;0;0;0;0;0.009835442;0;0.530248718;0;0;0;0;0;4.900808356;0;0;0;0;0;0;0;0;0;0;0;0;0;0;0.239117903;0.000845195;0;0;0;0;0;0.000730934;0;0;0;0;0;0;0;0
15/02/2020;0;0;0;0;0;0;0;0;0;0;0;0;0;0;0;0;0;0;0;0;0;0;0;0;0;0;17582.16509;0;0;0;0;0;0;0;0;0;0;0;0;2.851413202;0;0;0;0;0;0;0;0;0;0;0;0;0;0;0;0;0;0;0;0.169054197;0;0;0.086001465;0;0;0;0;0;0;0;0;0.547028111;0;0;0;0;0.548767331;0.335161604;0;0;5.61378556;9.650373143;0;0;0;0.245109685;0;0;0;0;0;0;0;0;0;0;0;0;21.35608603;0;0;0;0;0;2.079121372;0;0;0;0;0;0;0;0;0;0;0;0;0.743685381;0;0;0.004271525;0.091938611;0;0;0.03925612;0.932778486;0;0;0.927948631;0;0;0;0;0;0;0;0.339863737;0;0.019656431;0;0;0;0;0;0;0.069204782;0;0;0;0;0;0;0;0;0;0;0;0.009835442;0;0.530248718;0;0;0;0;0;5.052578469;0;0;0;0;0;0;0;0;0;0;0;0;0;0;0.239117903;0.000845195;0;0;0;0;0;0.000730934;0;0;0;0;0;0;0;0
16/02/2020;0;0;0;0;0;0;0;0;0;0;0;0;0;0;0;0;0;0;0;0;0;0;0;0;0;0;18314.7553;0;0;0;0;0;0;0;0;0;0;0;0;2.851413202;0;0;0;0;0;0;0;0;0;0;0;0;0;0;0;0;0;0;0;0.169054197;0;0;0.086001465;0;0;0;0;0;0;0;0;0.547028111;0;0;0;0;0.548767331;0.335161604;0;0;5.814277901;10.85666979;0;0;0;0.245109685;0;0;0;0;0;0;0;0;0;0;0;0;23.72898447;0;0;0;0;0;2.079121372;0;0;0;0;0;0;0;0;0;0;0;0;0.743685381;0;0;0.004271525;0.091938611;0;0;0.03925612;1.279858852;0;0;0.956068287;0;0;0;0;0;0;0;0.339863737;0;0.019656431;0;0;0;0;0;0;0.069204782;0;0;0;0;0;0;0;0;0;0;0;0.009835442;0;0.530248718;0;0;0;0;0;5.207672015;0;0;0;0;0;0;0;0;0;0;0;0;0;0;0.239117903;0.000845195;0;0;0;0;0;0.000730934;0;0;0;0;0;0;0;0
17/02/2020;0;0;0;0;0;0;0;0;0;0;0;0;0;0;0;0;0;0;0;0;0;0;0;0;0;0;18803.14877;0;0;0;0;0;0;0;0;0;0;0;0;2.851413202;0;0;0;0;0;0;0;0;0;0;0;0;0;0;0;0;0;0;0;0.169054197;0;0;0.086001465;0;0;0;0;0;0;0;0;0.547028111;0;0;0;0;0.548767331;0.335161604;0;0;6.014770243;10.85666979;0;0;0;0.245109685;0;0;0;0;0;0;0;0;0;0;0;0;26.10188292;0;0;0;0;0;2.079121372;0;0;0;0;0;0;0;0;0;0;0;0;0.743685381;0;0;0.004271525;0.091938611;0;0;0.03925612;1.431706513;0;0;0.984187942;0;0;0;0;0;0;0;0.339863737;0;0.022464493;0;0;0;0;0;0;0.069204782;0;0;0;0;0;0;0;0;0;0;0;0.009835442;0;0.530248718;0;0;0;0;0;5.349545683;0;0;0;0;0;0;0;0;0;0;0;0;0;0;0.239117903;0.000845195;0;0;0;0;0;0.000730934;0;0;0;0;0;0;0;0
18/02/2020;0;0;0;0;0;0;0;0;0;0;0;0;0;0;0;0;0;0;0;0;0;0;0;0;0;0;19779.93572;0;0;0;0;0;0;0;0;0;0;0;0;2.851413202;0;0;0;0;0;0;0;0;0;0;0;0;0;0;0;0;0;0;0;0.169054197;0;0;0.086001465;0;0;0;0;0;0;0;0;0.547028111;0;0;0;0;0.548767331;0.335161604;0;0;6.215262584;10.85666979;0;0;0;0.245109685;0;0;0;0;0;0;0;0;0;0;0;0;26.10188292;0;0;0;0;0;2.079121372;0;0;0;0;0;0;0;0;0;0;0;0;0.743685381;0;0;0.004271525;0.091938611;0;0;0.03925612;1.605246696;0;0;0.984187942;0;0;0;0;0;0;0;0.339863737;0;0.022464493;0;0;0;0;0;0;0.069204782;0;0;0;0;0;0;0;0;0;0;0;0.009835442;0;0.530248718;0;0;0;0;0;5.480784365;0;0;0;0;0;0;0;0;0;0;0;0;0;0;0.239117903;0.000845195;0;0;0;0;0;0.000730934;0;0;0;0;0;0;0;0
19/02/2020;0;0;0;0;0;0;0;0;0;0;0;0;0;0;0;0;0;0;0;0;0;0;0;0;0;0;20512.52593;0;0;0;0;0;0;0;0;0;0;0;0;2.851413202;0;0;0;0;0;0;0;0;0;0;0;0;0;0;0;0;0;0;0;0.169054197;0;0;0.086001465;0;0;0;0;0;0;0;0;0.547028111;0;0;0;0;0.548767331;0.335161604;0;0;6.215262584;10.85666979;0;0;0;0.245109685;0;0;0;0;0;0;0;0;0;0;0;0;27.28833215;0;0.014741704;0;0;0;2.079121372;0;0;0;0;0;0;0;0;0;0;0;0;0.743685381;0;0;0.004271525;0.091938611;0;0;0.03925612;1.822171925;0;0;0.984187942;0;0;0;0;0;0;0;0.339863737;0;0.022464493;0;0;0;0;0;0;0.069204782;0;0;0;0;0;0;0;0;0;0;0;0.009835442;0;0.530248718;0;0;0;0;0;5.510916825;0;0;0;0;0;0;0;0;0;0;0;0;0;0;0.239117903;0.000845195;0;0;0;0;0;0.000730934;0;0;0;0;0;0;0;0
20/02/2020;0;0;0;0;0;0;0;0;0;0;0;0;0;0;0;0;0;0;0;0;0;0;0;0;0;0;20512.52593;0;0;0;0;0;0;0;0;0;0;0;0;2.851413202;0;0;0;0;0;0;0;0;0;0;0;0;0;0;0;0;0;0;0;0.169054197;0;0;0.086001465;0;0;0;0;0;0;0;0;0.547028111;0;0;0;0;0.548767331;0.335161604;0;0;20.85120351;10.85666979;0;0;0;0.245109685;0;0;0;0;0;0;0;0;0;0;0;0;28.47478137;0;0.036854259;0;0;0;2.079121372;0;0;0;0;0;0;0;0;0;0;0;0;0.743685381;0;0;0.004271525;0.091938611;0;0;0.03925612;2.039097155;0;0;0.984187942;0;0;0;0;0;0;0;0.339863737;0;0.022464493;0;0;0;0;0;0;0.069204782;0;0;0;0;0;0;0;0;0;0;0;0.009835442;0;0.530248718;0;0;0;0;0;5.544741989;0;0;0;0;0;0;0;0;0;0;0;0;0;0;0.239117903;0.000845195;0;0;0;0;0;0.000730934;0;0;0;0;0;0;0;0
21/02/2020;0;0;0;0;0;0;0;0;0;0;0;0;0;0;0;0;0;0;0;0;0;0;0;0;0;0;20756.72267;0;0;0;0;0;0;0;0;0;0;0;0;2.851413202;5.339150435;0;0;0;0;0;0;0;0;0;0;0;0;0;0;0;0;14.31739118;0;1.127027979;0;0;0.086001465;0;0;0;0;0;0;0;0;0.547028111;0;0;0;0;0.548767331;0.335161604;0;0;40.90043765;10.85666979;0;0;0;0.245109685;0;0;0;0;0;0;0;0;0;0;0;0;30.84767982;0;0.132675334;0;0;0;2.079121372;0;0;0;0;0;0;0;0;0;0;0;0;0.743685381;0;0;0.004928682;0.091938611;0;0;0.03925612;2.277714907;0;0;0.984187942;0;0;0;0;0;0;0;0.339863737;0;0.025272554;0;0;0;0;0;0;0.069204782;0;0;0;0;0;0;0;0;0;0;0;0.009835442;0;0.530248718;0;0;0;0;0;5.579674964;0;0;0;0;0;0;0;0;0;0;0;0;0;0;0.239117903;0.000845195;0;0;0;0;0;0.000730934;0;0;0;0;0;0;0;0
22/02/2020;0;0;0;0;0;0;0;0;0;0;0;0;0;0;0;0;0;0;0;0;0;0;0;0;0;0;20756.72267;0;0;0;0;0;0;0;0;0;0;0;0;2.851413202;5.339150435;0;0;0;0;0;0;0;0;0;0;0;0;0;0;0;0;14.31739118;0;3.493786735;0;0;0.086001465;0;0;0;0;0;0;0;0;0.547028111;0;0;0;0;0.548767331;0.335161604;0;0;86.81318384;15.68185636;0;0;0;0.245109685;0;0;0;0;0;0;0;0;0;0;0;0;30.84767982;0;0.206383853;0;0;0;2.079121372;0;0;0;0;0;0;0;0;0;0;0;0;0.743685381;0;0;0.004928682;0.091938611;0;0;0.03925612;2.646487796;0;0;0.984187942;0;0;0;0;0;0;0;0.339863737;0;0.025272554;0;0;0;0;0;0;0.069204782;0;0;0;0;0;0;0;0;0;0;0;0.009835442;0;0.530248718;0;0;0;0;0;5.686837219;0;0;0;0;0;0;0;0;0;0;0;0;0;0;0.239117903;0.000845195;0;0;0;0;0;0.000730934;0;0;0;0;0;0;0;0
23/02/2020;0;0;0;0;0;0;0;0;0;0;0;0;0;0;0;0;0;0;0;0;0;0;0;0;0;0;21733.50962;0;0;0;0;0;0;0;0;0;0;0;0;2.851413202;5.339150435;0;0;0;0;0;0;0;0;0;0;0;0;0;0;0;0;14.31739118;0;8.734466839;0;0;0.086001465;0;0;0;0;0;0;0;0;0.547028111;0;0;0;0;0.548767331;0.335161604;0;0;120.6963895;15.68185636;0;0;0;0.245109685;0;0;0;0;0;0;0;0;0;0;0;0;33.22057826;0;0.316946631;0;0;0;2.079121372;0;0;0;0;0;0;0;0;0;0;0;0;0.743685381;0;0;0.004928682;0.091938611;0;0;0.03925612;3.188800869;0;0;0.984187942;0;0;0;0;0;0;0;0.339863737;0;0.025272554;0;0;0;0;0;0;0.069204782;0;0;0;0;0;0;0;0;0;0;0;0.009835442;0;0.530248718;0;0;0;0;0;5.688388155;0;0;0;0;0;0;0;0;0;0;0;0;0;0;0.239117903;0.000845195;0;0;0;0;0;0.000730934;0;0;0;0;0;0;0;0
24/02/2020;0;0;0;0;0;0;0;0;0;0;0;0;0;0;0;0;0;0;0;0;0;773.3069284;0;0;0;0;21733.50962;0;0;0;0;0;0;0;0;0;0;0;0;2.851413202;5.339150435;0;0;0;0;0;0;0;0;0;0;0;0;0;0;0;0;14.31739118;0;12.90447036;13.15949879;0;0.086001465;0;0;0;0;0;0;0;0;0.547028111;0;0;0;0;0.792663922;0.335161604;0;0;167.0101204;15.68185636;0;0;0;0.245109685;0;0;0;0;0;0;0;0;0;0;0;0;35.59347671;0;0.449621965;0;0;0;2.079121372;0;0;0;0;0;0;0;0;1.227105419;0;0;0;0.743685381;0;0;0.016757519;0.091938611;0;0;0.03925612;3.449111144;0;0;0.984187942;0;0;0;0.057483735;0;0;0;0.339863737;0;0.028080616;0;0;0;0;0;0;0.069204782;0;0;0;0;0;0;0.039593085;0;0;0;0;0.009835442;0;0.530248718;0;0;0;0;0;5.704562196;0;0;0;0;0;0;0;0;0;0;0;0;0;0;0.239117903;0.000845195;0;0;0;0;0;0.000730934;0;0;0;0;0;0;0;0
25/02/2020;0;0;0;0;0;0;0;0;0;0;0;0;0;0;0;0;0;0;0;0;0;17786.05935;0;0;0;0;22221.9031;0;0;0;0;0;0;0;0;0;0;2.923801645;0;2.851413202;5.339150435;0;0;0;0;0;0;0;0;0;0;2.687535588;0;0;0;0;0;14.31739118;0;18.14515046;144.7544867;0;0.258004396;0;0;4.331517205;0;0;0;0;0;0.581217368;0;0;0;0;0.792663922;0.391021871;0;0;195.8810176;15.68185636;0;0;0;0.245109685;0;0;0;0;0;0;0;0;0;0;0;0;36.77992594;0;0.700230929;0;0;0;2.079121372;0;0;0;0;0;0;0;0;1.227105419;0;0;0;0.743685381;0;0;0.016757519;0.091938611;0;0;0.03925612;3.687728897;0;0;1.040427253;0;0;0;0.057483735;0;0;0;0.339863737;0;0.030888677;0;0;0;0;0;0;0.069204782;0;0;0;0;0;0;0.039593085;0;0.009360793;0;0;0.009835442;0;0.530248718;0;0;0;0;0;5.742449334;0;0;0;0;0;0;0;0;0;0;0;0;0;0;0.239117903;0.000845195;0;0;0;0;0;0.000730934;0;0;0;0;0;0;0;0
26/02/2020;0;0;0;0;0;0;0;0;0;0;0;0;0;0;0;0;0;0;0;0;0;25519.12864;0;0;0;0;22710.29657;0;0;0;0;0;0;0;0;0;0;2.923801645;0;2.851413202;10.67830087;0;0;0;0;0;0;0;0;0;0;2.687535588;0;0;0;19.12245345;0;28.63478237;0;25.52718373;342.1469686;0;0.559009524;0;0;12.99455161;0;0;0;0;0;0.923109937;0;0;0.510380215;0;0.792663922;0.502742406;0;0;252.8208425;15.68185636;0;0;0;0.490219371;0.745581363;0.226972581;0;0;0;0;0;0;0;3.581874954;0;0;37.96637516;0;1.024548412;0;0;0;2.079121372;0;0;0;0;0;0;0;0;2.454210839;0;0;0;0.743685381;0;0;0.018728992;0.091938611;0;0;0.07851224;4.099886832;0;0;1.12478622;0;0;0;0.287418675;0;0;0;0.339863737;0;0.030888677;0;0;0;0;0;0;0.069204782;0;0;0;0;0.01176388;0;0.039593085;0;0.009360793;0;0;0.009835442;0;0.530248718;0;0;0;0;0;5.77287721;0;0.000553324;0;0;0;0;0;0;0;0;0;0;0;0;0.239117903;0.000845195;0;0;0;0;0;0.000730934;0;0;0;0;0;0;0;0
27/02/2020;0;0;491612.7217;0;0;0;0;0;0;0;0;0;0;0;0;0;0;0;0;0;0;25519.12864;0;0;0;0;22710.29657;0;0;0;0;0;0;0;0;0;0;23.39041316;0;2.851413202;16.0174513;0;0;0;0;1.730222611;0;0;0;17.61668819;4.083505724;4.031303382;0;0;0;19.12245345;0;28.63478237;0;36.91016632;565.858448;0;0.64501099;0;0;12.99455161;0;0;0;0;0;1.572705819;0;0;0.510380215;0;0.914612218;1.061345079;0;0;354.069475;15.68185636;0;0;0;1.715767798;2.236744088;0.226972581;0;0;0;0;0;0;0;3.581874954;0;0;37.96637516;0;1.805858712;0;0;0;2.173626889;0;0;0;0;0;0;0;0;2.454210839;0;0;0;0.743685381;0;0;0.019057571;0.091938611;0;0;0.07851224;4.642199905;0;0;1.12478622;0;0;0;0.402386145;0;0;0;0.339863737;0;0.0365048;0;0;0;0;0;0;0.069204782;0;0;0;0;0.01176388;0;0.039593085;0;0.009360793;0;0;0.009835442;0;0.530248718;0;0;0;0;0;5.804929877;0;0.000553324;0;0;0;0;0;0;0;0;0;0;0;0;0.239117903;0.000845195;0;0;0;0;0;0.000730934;0;0;0;0;0;0;0;0
28/02/2020;0;0;491612.7217;0;0;0;0;0;0;0;0;0;0;0;0;0;0;0;0;0;0;27839.04942;0;0;0;0;22710.29657;0;0;0;0;0;0;0;0;0;0;23.39041316;0;2.851413202;21.35660174;0;0;0;25.76284093;1.730222611;0;0;0;17.61668819;4.083505724;4.031303382;0;0;0;19.12245345;0;28.63478237;0;50.04004227;592.1774456;0;1.376023445;0;0;21.65758602;5.802297586;0;0;0;0;1.641084333;0;0;3.062281291;0;1.219482957;1.592017619;0;0;468.5506019;22.91963622;0;0;0;1.715767798;2.98232545;0.680917744;0;0;0.77406267;0;0;0;0;3.581874954;0;0;40.33927361;0;2.859890532;0;0;0;2.173626889;0;0;0;0;0;0;0;0.526376472;2.454210839;0;0;0;0.743685381;0;0;0.019714729;0.091938611;0;0;0.07851224;4.945895226;0;0;1.152905875;0;0;0;0.402386145;0;0;0;0.339863737;0;0.039312862;0;0;0;0;0;0;0.069204782;0;0;0;0;0.01176388;0;0.039593085;0;0.009360793;0;0;0.009835442;0;0.530248718;0;0.003970246;0;0;0;5.829154012;0;0.000553324;0;0;0;0;0;0;0;0;0;0;0;0;0.239117903;0.000845195;0;0;0;0;0.005318457;0.000730934;0;0;0;0;0;0;0;0
29/02/2020;17102674.76;0;491612.7217;0;0;0;0;0;0;0;0;0;0;0;0;0;617.5856916;0;0;0;0;31705.58406;0;0;0;0;24908.06721;0;0;0;0;0;0;0;0;0;0;52.62842962;0;2.851413202;37.37405304;29.87783919;0;0;25.76284093;10.38133567;0;0;0;17.61668819;12.25051717;12.09391015;0;2.953030744;0;19.12245345;0;57.26956474;0;63.56437802;592.1774456;0;1.935032969;0;0;25.98910323;5.802297586;0;0;0;0;2.700951298;0;0;7.655703228;0;1.402405401;2.793013367;0;0;631.5508755;25.3322295;0;0;0;2.941316225;2.98232545;0.680917744;0;0;0.77406267;0;0;0;0;3.581874954;0;0;46.27151973;0;4.370915168;0;0;0;2.362637923;0;0;0;0;0;0;0;0.526376472;3.681316258;0;0;0;0.743685381;0;0;0.022343359;0.091938611;0;0;0.11776836;5.227898024;0;0;1.181025531;0;0;0;0.747288556;0;0;0;0.339863737;0;0.056161231;0;0;0;0;0;0;0.115341303;0;0;0;0;0.02352776;0;0.039593085;0;0.009360793;0;0;0.009835442;0;0.530248718;0;0.015880984;0;0;0;5.860763553;0;0.001106647;0;0;0;0;0;0;0;0;0;0;0;0;0.239117903;0.000845195;0;0;0;0;0.005318457;0.000730934;0;0;0;0;0;0;0;0
01/03/2020;17102674.76;0;491612.7217;0;0;0;0;0;0;0;0;0;0;0;0;0;617.5856916;0;0;0;0;36345.42564;0;0;0;0;25884.85415;0;0;0;0;0;0;0;0;0;0;78.94264442;0;5.702826403;53.39150435;89.63351758;0;0;77.28852279;17.30222611;0;0;0;17.61668819;16.3340229;18.81274912;0;2.953030744;0;19.12245345;11.84401108;143.1739118;0;95.45926984;592.1774456;0;3.612061542;3.636132989;0;30.32062043;5.802297586;0;0;0;0;4.444603401;0;1.912010933;9.697224089;0;2.195069323;3.630917377;0;0;749.0393876;25.3322295;0;0;0;3.431535596;5.219069538;0.680917744;1.368554422;0;0.77406267;0;0;0;3.589392549;10.74562486;0;0;47.45796895;0;7.208693145;0;0;0;2.74065999;0;0;0;0;0;0;0;0.526376472;3.681316258;0;0;0;0.743685381;0;0;0.024314832;0.091938611;0;0;0.235536719;5.553285868;0;0;1.181025531;0;0;0;1.092190966;0;0;0;0.339863737;0;0.067393478;0;0;0;0;0;0;0.124568607;0;0;0;0;0.02352776;0;0.039593085;0;0.009360793;0;0;0.019670885;0;0.530248718;0;0.01985123;0;0;0;5.903303497;0;0.001106647;0;0;0;0;0;0;0;0;0;0;0;0;0.239117903;0.000845195;0;0;0;0;0.005318457;0.000730934;0;0;0;0;0;0;0;0
02/03/2020;17102674.76;0;3932901.774;0;0;27471.23792;0;0;0;0;0;0;0;0;0;0;617.5856916;0;0;0;0;37892.03949;0;0;0;0;26373.24763;0;0;0;0;0;0;0;0;0;0;122.7996691;0;22.81130561;53.39150435;89.63351758;0;0;154.5770456;31.144007;0;0;0;17.61668819;16.3340229;24.18782029;0;2.953030744;2.135172286;19.12245345;11.84401108;186.1260854;0;114.7314483;736.9319323;0;5.160087917;3.636132989;0;30.32062043;5.802297586;8.432312532;0;0;0;5.436091852;0;1.912010933;12.75950538;0;2.438965914;5.334655531;0;0;869.1343001;25.3322295;0;0;0;3.676645282;5.219069538;0.680917744;1.368554422;0;0.77406267;0;0;0;3.589392549;10.74562486;0;0;48.64441817;0;11.06364868;0;0;0;2.74065999;0;0;0;0;0;0;0;0.526376472;3.681316258;0;0;0;0.743685381;0;0;0.032200724;0.091938611;0;0;0.235536719;5.94375128;0.310316315;0;1.209145186;0.060922375;0;0;1.494577111;0;0;0;0.339863737;0;0.075817663;0;0;0;0;0;0.013201259;0.138409564;0;0;0;0;0.02352776;0;0.039593085;0;0.028082378;0;0;0.019670885;0;0.530248718;0;0.01985123;0;0;0;5.918369728;0;0.001106647;0;0;0;0;0.004036615;0;0;0;0;0;0;0;0.239117903;0.001267792;0;0;0;0;0.005318457;0.001218224;0;0;0;0;0;0;0;0
03/03/2020;17102674.76;0;4916127.217;0;0;27471.23792;0;0;0;0;0;0;0;0;0;0;617.5856916;0;0;0;0;37892.03949;0;0;0;0;26861.6411;0;0;0;0;0;0;0;0;0;0;163.7328921;0;37.06837162;64.06980522;209.1448744;0;0;283.3912502;41.52534267;0;0;0;35.23337638;24.50103434;28.21912368;0;5.906061488;2.135172286;19.12245345;11.84401108;186.1260854;0;140.9912002;736.9319323;0;7.095120886;6.060221649;0;38.98365484;5.802297586;8.432312532;0;0;0;6.701094358;0;1.912010933;16.33216689;0;3.109681541;5.697747269;0;0;1039.753283;32.57000936;0;0;0;5.147303394;5.219069538;0.680917744;1.596646826;0;0.77406267;0;0;0;3.589392549;10.74562486;0;0;49.8308674;0;17.21831001;0;0;0;3.402198609;0;0;0;0;0;0;0;0.526376472;7.362632517;0;0;0;0.743685381;0;0;0.0387723;0.091938611;0;0;0.235536719;6.355909216;0.620632629;0;1.209145186;0.060922375;0;0;1.839479522;0;0;0;0.339863737;0;0.084241847;0;0;0;0;0;0.013201259;0.179932433;0;0;0;0;0.0294097;0.00832249;0.039593085;0;0.046803964;0;0;0.019670885;0;0.530248718;0;0.01985123;0;0;0;5.927601486;0;0.001106647;0;0;0;0;0.004036615;0;0;0;0;0;0;0;0.239117903;0.001267792;0;0;0;0;0.005318457;0.001218224;0;0;0;0;0;0;0;0
04/03/2020;17102674.76;2968063.633;7865803.548;14453366.16;0;27471.23792;163715.1638;0;0;0;0;0;14659.11627;0;0;0;617.5856916;0;0;0;0;40211.96028;0;0;0;0;26861.6411;0;0;0;0;0;0;0;0;0;0;263.1421481;0;65.58250364;80.08725652;239.0227136;0;0;669.8338642;65.74845922;0;0;0;35.23337638;40.83505724;38.96926603;0;17.71818446;5.337930715;19.12245345;11.84401108;186.1260854;0;174.0694714;736.9319323;0;9.546162647;9.696354638;0;43.31517205;5.802297586;8.432312532;0;0;0;8.957585316;0;1.912010933;28.58129205;0;5.182802568;7.960088096;0;0;1126.967451;32.57000936;0;0;0;8.57883899;6.710232263;0.907890325;2.280924037;2.293126222;2.32218801;0;0;0;3.589392549;10.74562486;0;0;49.8308674;0;21.53762921;0;0;1.104665167;4.725275845;0;0;0.086570055;0.544101756;0.071149225;0;0;3.158258833;9.203290646;0;0;0;0.743685381;0;0;0.048958243;0.091938611;0;0;0.235536719;7.180225087;1.241265258;0;1.209145186;0.060922375;0;0;2.011930727;0.039212776;0;0;0.339863737;0;0.092666032;0;0;0;0;0;0.013201259;0.239909911;0;0;0;0;0.0294097;0.00832249;0.039593085;0;0.112329513;0;0;0.019670885;0;0.530248718;0;0.01985123;0;0;0;5.936833245;0;0.002213295;0;0;0;0;0.004036615;0;0;0;0;0;0;0;0.239117903;0.001267792;0;0;0;0;0.005318457;0.006822053;0;0;0;0;0;0;0;0
05/03/2020;17102674.76;2968063.633;10323867.16;14453366.16;0;27471.23792;163715.1638;0;0;0;0;0;14659.11627;0;0;0;617.5856916;0;0;0;0;42531.88106;0;0;0;0;28571.01827;0;0;0;0;0;0;0;0;0;0;333.3133876;0;142.5706601;106.7830087;239.0227136;0;0;875.9365916;141.8782541;0;47.66330411;0;52.85006458;40.83505724;55.09447956;0;17.71818446;8.540689145;19.12245345;11.84401108;229.078259;0;217.4036972;763.2509299;0;11.13718976;14.54453196;0;43.31517205;5.802297586;8.432312532;0;11.89174059;0;16.47922184;0;1.912010933;44.40307873;0;7.012027004;10.52966039;0;0;1220.597375;34.98260264;0;0;0;23.04031043;23.11302224;1.361835487;2.965201248;2.293126222;2.32218801;0;0;0;7.178785098;14.32749982;0;0;52.20376584;0;25.89380268;0;0;1.104665167;4.725275845;0;0;0.086570055;0.544101756;0.284596898;0;0;3.158258833;9.816843356;0;0;0;0.743685381;0;0;0.071301602;0.091938611;0;0;0.471073438;7.809308252;1.241265258;0;1.321623808;0.12184475;0;0;2.011930727;0.039212776;0;0;0.339863737;0;0.103898278;0;0;0;0;0;0.066006295;0.253750867;0;0.013930266;0;0;0.0294097;0.00832249;0.039593085;0;0.112329513;0;0;0.029506327;0;0.530248718;0;0.01985123;0;0;0;5.94798521;0;0.002213295;0;0;0;0;0.004036615;0;0;0;0;0;0;0;0.239117903;0.001690389;0;0;0;0;0.005318457;0.007309342;0;0;0;0;0;0;0;0
06/03/2020;17102674.76;2968063.633;10323867.16;14453366.16;0;27471.23792;163715.1638;0;0;0;0;0;14659.11627;0;0;0;1235.171383;0;0;0;0;46398.4157;0;0;0;0;31745.57585;0;0;0;0;0;0;0;0;0;0;625.6935521;0;310.804039;197.5485661;239.0227136;0;0;1107.80216;221.4684942;0;166.8215644;3121.877927;176.1668819;93.92063165;73.90722867;0;53.15455339;13.87861986;57.36736036;11.84401108;314.9826061;0;261.2450856;763.2509299;0;17.20029306;21.81679794;0;47.64668925;5.802297586;8.432312532;0;11.89174059;0;22.90680214;0;3.824021866;55.12106325;0;9.938786101;18.23837729;0;1.309900918;1321.846007;34.98260264;3.824516327;3.853558875;0;24.75607823;33.55116131;2.042753231;2.965201248;2.293126222;3.09625068;0;0;0;7.178785098;14.32749982;0;0;53.39021507;0;34.9894339;0;0;1.104665167;7.843957903;0;0;0.432850274;0.544101756;0.284596898;0;0;3.158258833;9.816843356;33.59205341;0;0;0.743685381;0;0;0.086087649;0.153231018;2.217771406;0;0.588841798;9.110859627;1.241265258;0;1.349743464;0.12184475;0;0;2.299349402;0.039212776;0.079468374;0.023915894;0.339863737;0;0.137595017;0;0;0;0;0;0.066006295;0.276819128;0.017767007;0.013930266;0;0;0.03529164;0.016644979;0.039593085;0;0.159133477;0;0;0.147531635;0;0.530248718;0;0.023821476;0;0;0;5.959284882;0;0.007193209;0;0;0;0;0.008073229;0;0;0;0;0;0;0;0.239117903;0.005493766;0;0;0;0;0.005318457;0.007552987;0;0;0;0;0;0;0;0
07/03/2020;17102674.76;2968063.633;11307092.6;14453366.16;0;27471.23792;163715.1638;0;0;0;0;0;14659.11627;0;0;0;1235.171383;21235.1011;0;0;0;65731.08892;0;5027.55854;0;0;33699.14975;0;0;0;0;0;0;0;0;0;0;783.5788409;0;481.8888311;229.5834687;239.0227136;0;0;1288.142046;325.2818509;0;166.8215644;3121.877927;176.1668819;93.92063165;106.1576557;0;53.15455339;21.35172286;57.36736036;11.84401108;314.9826061;0;331.5152801;802.7294263;0;21.50036632;23.02884227;0;51.97820645;5.802297586;8.432312532;0;17.83761089;0;27.31721629;0;3.824021866;75.02589164;224.1877582;12.56067446;26.50569685;0;1.309900918;1411.666576;54.28334893;3.824516327;3.853558875;0;39.46265935;34.29674268;2.042753231;2.965201248;4.586252444;3.87031335;0;0;0;10.76817765;14.32749982;0;0;53.39021507;0;42.92047053;0;0;1.104665167;8.789013072;0;0;0.432850274;0.544101756;0.284596898;0;0;3.158258833;9.816843356;33.59205341;0;0;0.743685381;0;0;0.132088683;0.183877221;2.217771406;0;0.588841798;10.00025307;1.241265258;0;1.405982775;0.12184475;0;0;3.104121693;0.039212776;0.079468374;0.023915894;0.339863737;0;0.151635325;0;0;0;0;0;0.066006295;0.290660084;0.017767007;0.013930266;0;0;0.03529164;0.066579917;0.039593085;0;0.159133477;0;0;0.147531635;0;0.596529807;0;0.023821476;0;0;0;5.965193208;0;0.007193209;0;0;0;0;0.008073229;0;0;0;0;0;0;0;0.239117903;0.005493766;0;0;0;0;0.005318457;0.008283921;0;0;0;0;0;0;0;0
08/03/2020;17102674.76;2968063.633;17698057.98;14453366.16;0;27471.23792;163715.1638;0;0;0;0;0;29318.23253;0;0;0;1852.757075;21235.1011;0;0;0;65731.08892;0;5027.55854;0;0;36629.5106;0;0;0;0;0;0;0;0;24669.06423;0;985.3211545;0;570.2826403;325.6881765;448.1675879;0;0;1288.142046;458.5089919;0;381.3064329;3121.877927;176.1668819;142.9227003;139.7518506;0;56.10758414;32.02758429;57.36736036;11.84401108;458.1565179;0;415.5915673;842.2079227;7.558598735;28.93949307;37.57337422;0;51.97820645;5.802297586;16.86462506;0;17.83761089;0;35.55682721;0;9.560054666;89.82691788;224.1877582;16.64594237;31.44933051;0;1.309900918;1466.400985;54.28334893;11.47354898;19.26779437;0;49.75726614;54.42743947;3.404588718;3.193293652;8.025941777;3.87031335;0;5.302305136;0;10.76817765;46.5643744;0;0;53.39021507;0;48.39701348;0;0;1.104665167;9.356046173;0;0;0.952270603;1.088203512;0.569193797;0;0;3.158258833;9.816843356;33.59205341;0;0;0.743685381;0;0;0.170203825;0.306462035;2.217771406;0;0.902890756;10.88964651;1.241265258;0;1.405982775;0.12184475;0;0;3.449024103;0.039212776;0.158936749;0.143495361;0.679727473;0;0.179715941;0;0.353821579;0;0;0;0.145213849;0.350637562;0.017767007;0.041790799;0;0;0.03529164;0.099869876;0.158372342;0;0.177855062;0;0;0.481936673;0;0.994216346;0;0.027791722;0;0;0;5.969107474;0;0.011066475;0;0;0;0;0.012109844;0;0.139920251;0;0;0;0;0;0.239117903;0.007184155;0;0;0;0;0.005318457;0.009502145;0;0;0;0;0;0;0;0
09/03/2020;17102674.76;2968063.633;17698057.98;4817788.719;0;27471.23792;163715.1638;0;976549.7262;0;0;0;29318.23253;0;0;0;1852.757075;21235.1011;0;0;0;73464.1582;0;5027.55854;0;0;36629.5106;0;0;0;0;0;0;0;0;24669.06423;0;1093.501815;433.6742848;681.4877552;325.6881765;537.8011055;0;179.7332567;1494.244774;555.4014582;0;381.3064329;3121.877927;176.1668819;367.5155151;176.033581;0;62.01364562;32.02758429;57.36736036;11.84401108;458.1565179;0;516.8550312;842.2079227;7.558598735;46.13978613;37.57337422;0;51.97820645;5.802297586;50.59387519;25.35706499;17.83761089;0;40.20656615;0;9.560054666;104.6279441;224.1877582;19.57270146;33.76753161;0;1.309900918;1499.281729;54.28334893;11.47354898;34.68202987;0;60.78720199;54.42743947;3.404588718;3.421386056;10.319068;3.87031335;0;5.302305136;0;10.76817765;53.72812431;0;0;53.39021507;0;52.78267036;0;0;1.104665167;11.05714548;0;0;1.385120877;1.088203512;0.569193797;0;0;3.158258833;9.816843356;33.59205341;0;0;0.743685381;0;0;0.191561448;0.612924071;2.217771406;0;1.177683595;11.08487921;1.241265258;0;1.405982775;0.12184475;0;0;3.449024103;0.039212776;0.158936749;0.167411255;0.679727473;0;0.216220741;0;0.353821579;0;0;0;0.198018885;0.419842343;0.017767007;0.041790799;0;0;0.03529164;0.099869876;0.158372342;0;0.187215855;0;0;0.540949327;0;0.994216346;0;0.027791722;0;0;0;5.971840074;0;0.013833094;0;0;0;0;0.038347839;0;0.139920251;0;0;0;0;0;0.239117903;0.007184155;0;0;0;0;0.010636913;0.010476724;0;0;0;0;0;0;0;0
10/03/2020;17102674.76;2968063.633;25072248.81;4817788.719;0;27471.23792;163715.1638;0;976549.7262;0;30269.60515;0;29318.23253;0;0;0;3087.928458;35391.83516;0;0;0;85063.76213;0;5027.55854;0;0;39071.47797;0;0;0;0;0;0;0;0;37003.59635;0;1435.586608;433.6742848;761.3273248;400.4362826;717.0681407;0;269.5998851;1777.636024;660.9450374;0;738.7812137;3121.877927;211.4002583;1069.8785;244.5657385;0;100.4030453;43.77103187;133.8571742;11.84401108;587.0130386;0;571.910348;908.0054166;22.6757962;72.88624183;49.69381752;3.115396277;60.64124086;5.802297586;67.45850025;126.7853249;29.72935148;0;49.81374735;0;9.560054666;204.1520861;224.1877582;23.29212448;49.82735847;0;6.549504588;1506.298961;89.26595157;26.77161429;34.68202987;0;87.01393833;66.35674127;5.67431453;3.421386056;10.319068;3.87031335;0;5.302305136;0;13.16110601;53.72812431;0;0;55.76311352;0;59.27639087;0;0;1.104665167;12.19121168;0;0;1.904541205;2.72050878;0.92493992;0;0;4.737388249;11.04394878;33.59205341;0;0;0.743685381;0;0;0.315107082;1.011324717;2.217771406;0;1.570244794;12.60335582;1.241265258;0;1.490341741;0.182767124;0.173934209;0;4.081345189;0.039212776;0.158936749;0.263074829;0.679727473;0;0.221836864;0;0.353821579;0;0;0;0.26402518;0.493660777;0.053301021;0.097511864;0;0;0.094111039;0.141482324;0.197965427;0;0.187215855;0;0;0.580291097;0;1.027356891;0;0.027791722;0;0;0;5.973834134;0;0.017153036;0;0;0;0;0.054494297;0;0.139920251;0;0;0;0.186095237;0;0.239117903;0.008451947;0;0;0;0;0.010636913;0.013644106;0;0;0;0;0;0;0;0
11/03/2020;17102674.76;2968063.633;30479988.75;4817788.719;0;27471.23792;163715.1638;0;976549.7262;0;60539.2103;0;29318.23253;0;0;0;4323.099841;42470.2022;0;0;0;150794.851;0;7541.33781;0;0;43467.01924;0;0;0;0;0;446.6159364;0;0;49338.12847;0;1906.318673;4770.417133;895.3437453;421.7928844;7827.993869;0;539.1997702;2189.841479;870.3019734;0;1358.404167;3121.877927;281.8670111;1804.90953;330.5668773;0;126.980322;62.98758244;133.8571742;11.84401108;873.3608623;0;702.2511338;947.483913;22.6757962;97.91266823;110.296034;24.92317021;82.29882689;17.40689276;84.32312532;152.1423899;41.62109207;0;65.23310222;0;9.560054666;305.2073687;224.1877582;27.80421142;63.7086349;0;15.71881101;1554.818108;89.26595157;38.24516327;50.09626537;31.13413795;122.5548427;73.81255489;10.21376615;3.877570863;14.90532044;3.87031335;0;9.279033989;0;13.16110601;85.9649989;0;0;56.94956274;0;66.33766698;0;0.015464472;1.104665167;14.08132202;0;0;2.683671699;3.808712292;1.636432165;1.814452094;0;4.737388249;11.04394878;33.59205341;0;0;1.487370763;0;0;0.42090946;1.501663974;2.217771406;0;2.316111071;13.86152215;1.241265258;0;1.659059674;0.304611874;0.347868419;0;4.081345189;0.039212776;0.158936749;0.263074829;1.01959121;0;0.30327065;0;1.769107897;0;0.119284865;0;0.277226439;0.590547472;0.159903063;0.181093461;0;0;0.111756859;0.158127304;0.277151598;0;0.187215855;0.161456728;0;0.590126539;0;1.259340705;0;0.031761969;0;0;0;5.976345172;0;0.021026302;0;0;0;0;0.068622448;0;0.139920251;0;0;0;0.186095237;0;0.239117903;0.008451947;0;0;0;0;0.010636913;0.015105974;0;0;0;0;0;0;0;0
12/03/2020;34205349.52;2968063.633;33921277.8;4817788.719;0;27471.23792;163715.1638;0;976549.7262;0;60539.2103;0;29318.23253;0;0;0;11734.12814;42470.2022;0;0;0;150794.851;0;7541.33781;0;0;43467.01924;0;0;0;0;0;446.6159364;0;0;49338.12847;0;1906.318673;4770.417133;895.3437453;533.9150435;7827.993869;0;539.1997702;2653.572616;870.3019734;0;2121.017033;3121.877927;281.8670111;2511.35602;405.8178738;0;126.980322;62.98758244;133.8571742;47.37604432;873.3608623;0;702.2511338;1052.759903;22.6757962;97.91266823;113.932167;34.26935904;82.29882689;17.40689276;84.32312532;291.6062474;65.40457325;0;71.0452759;0;9.560054666;358.2869111;224.1877582;27.80421142;63.7086349;0;24.88811744;1577.674235;102.5352146;61.19226123;84.77829525;62.2682759;146.8207016;73.81255489;11.12165648;3.877570863;14.90532044;3.87031335;0;9.279033989;0;13.16110601;85.9649989;0;0;58.13601196;0;74.26133275;0;0.015464472;1.104665167;14.08132202;0;0;4.241932685;3.808712292;1.636432165;1.814452094;2.478715975;6.316517666;11.04394878;33.59205341;0;6.465544601;1.487370763;0;0;0.546426566;1.593602584;2.217771406;0;2.316111071;13.86152215;1.241265258;0;1.968375885;0.365534249;0.347868419;0;4.081345189;0.039212776;0.158936749;0.358738403;1.01959121;0;0.328543204;0;1.769107897;0;0.119284865;0;0.594056654;0.590547472;0.159903063;0.236814526;0;0;0.117638799;0.158127304;0.277151598;0;0.224659026;0.161456728;0;0.658974635;0;1.292481249;0;0.047642953;0;0;0;5.977157567;0;0.028772835;0;0;0;0;0.068622448;0;0.139920251;0;0;0;0.186095237;0;0.239117903;0.011832726;0;0;0;0;0.010636913;0.017786066;0;0;0;0;0;0;0;0
13/03/2020;34205349.52;2968063.633;39329017.74;4817788.719;0;27471.23792;163715.1638;0;976549.7262;0;60539.2103;104044.4083;43977.3488;0;0;63435.01117;20997.91351;84940.4044;0;0;0;150794.851;0;7541.33781;23253.17305;0;48839.34746;0;0;1480.332052;0;0;2233.079682;0;0;55505.39453;0;3330.210074;16045.94854;1593.93998;672.7329548;9560.908542;2927.411432;1258.132797;3452.220685;1391.098979;0;3360.26294;3121.877927;1391.718367;3270.888085;677.2589682;0;265.772767;119.569648;267.7143483;94.75208864;1102.439121;0;995.1657056;1052.759903;45.35159241;224.9798332;170.8982505;84.11569947;138.6085505;34.81378552;143.349313;418.3915723;77.29631385;0;125.6455192;0;9.560054666;508.3386944;224.1877582;48.65736999;102.2522194;0;45.84653212;1599.728392;102.5352146;122.3845225;88.63185412;249.0731036;199.5192839;141.6604589;20.20055973;3.877570863;21.78469911;3.87031335;0;30.48825453;0;17.94696274;89.54687385;0;0;59.32246119;0;83.76236083;0;0.077322361;1.104665167;18.61758683;0;0;5.886763726;8.705628095;3.059416657;1.814452094;3.304954633;14.21216475;11.65750148;33.59205341;0;6.465544601;4.462112289;0;0;0.715973234;1.961357027;2.217771406;0;6.084698576;15.20645857;3.103163146;0;2.108974162;0.426456623;0.347868419;0;5.80585724;0.117638328;0.158936749;0.669645019;1.699318684;0;0.541955884;0.307299278;2.122929477;0;0.119284865;0;1.135308273;0.922730425;0.230971092;0.33432639;0;0;0.164694318;0.25799718;0.277151598;0;0.243380612;0.242185092;0.079418041;0.786835385;0;1.557605608;0;0.047642953;0;0;0;5.97811767;0;0.083551886;0;0;0;0;0.139263204;0.032510739;0.139920251;0;0;0;0.186095237;0;0.239117903;0.019016882;0;0;0;0;0.010636913;0.019978869;0;0;0;0;0.008701161;0;0;0.013002159
14/03/2020;34205349.52;2968063.633;39329017.74;4817788.719;0;27471.23792;654860.6553;0;976549.7262;0;60539.2103;104044.4083;131932.0464;0;0;63435.01117;31496.87027;127410.6066;0;0;0;162394.455;0;22624.01343;23253.17305;0;51769.70831;0;44250.84169;1480.332052;23075.01633;13741.1036;2679.695618;0;8926.750932;61672.66059;0;3973.446436;17346.97139;1964.623696;827.5683174;10068.83181;2927.411432;2336.532337;4019.003185;1659.283484;0;4313.529022;3121.877927;2025.919142;3377.059234;880.1679051;278.7752955;380.940966;180.4220582;267.7143483;213.1921994;1331.51738;0;1192.226548;1368.587874;90.70318482;274.8176823;229.0763783;112.154266;164.5976538;46.41838069;219.2401258;481.7842348;107.0256653;0;156.757743;0;21.03212026;556.3144346;224.1877582;69.51052856;124.8197674;0;60.25544221;1621.181073;102.5352146;168.2787184;100.1925307;249.0731036;235.5504077;169.9925507;27.91762749;6.386587304;34.39689333;4.64437602;0;54.34862765;6.629760935;17.94696274;107.4562486;49.77783828;0;62.88180886;0;93.82357366;0;0.077322361;1.104665167;22.49231302;0;3.129471584;8.916715643;9.793831607;4.3401027;1.814452094;3.304954633;14.21216475;11.65750148;33.59205341;0;6.465544601;7.436853815;11.62327445;0;0.896034424;3.401728593;2.217771406;0;8.832626965;16.76832022;3.103163146;0;2.305811751;1.035680371;0.347868419;0;6.323210856;0.117638328;0.158936749;0.908803955;2.379046157;1.816753432;0.555996192;0.307299278;2.122929477;0.520301775;0.119284865;0.425674004;1.359729675;1.153413031;0.390874155;0.529350117;0;0;0.182340138;0.282964649;0.43552394;0;0.346349332;0.80728364;0.119127062;1.072063212;0;1.756448877;0;0.103226398;0.929339496;0;0.079148884;5.980481;0;0.083551886;0;0;0;0;0.193757501;0.032510739;0.139920251;0;0;0;0.186095237;0;0.239117903;0.024933245;0;0;0;0.231274624;0.010636913;0.024851764;0;0;0;0;0.008701161;0;0;0.013002159
15/03/2020;34205349.52;2968063.633;49652884.89;4817788.719;0;27471.23792;654860.6553;0;976549.7262;0;90808.81545;104044.4083;161250.2789;0;0;63435.01117;36437.5558;148645.7077;9781.261932;0;0;165487.6827;0;22624.01343;23253.17305;0;55188.46263;0;44250.84169;4440.996156;23075.01633;13741.1036;3126.311555;0;17853.50186;80174.45876;0;6432.36362;21683.71424;2526.352097;1137.239043;11981.01352;2927.411432;2336.532337;4405.445799;1963.802664;0;5219.1318;3121.877927;3012.453681;3528.148945;1155.640303;278.7752955;380.940966;261.5586051;267.7143483;307.9442881;1574.91303;0;1394.52807;1473.863865;173.8477709;335.3197132;306.6472154;133.9620399;212.244343;69.62757103;252.969376;532.4983647;142.7008871;0;198.1267439;0;21.03212026;623.1742428;313.8628615;69.51052856;125.6576714;0;62.87524405;1636.418491;118.217071;206.5238816;104.0460896;311.3413795;250.5020985;246.787431;29.73340814;6.386587304;36.69001955;6.19250136;0;67.60439049;6.629760935;27.51867621;118.2018735;49.77783828;0;70.0005042;0;102.7349336;25.40176821;0.092786833;8.837321332;40.44836123;0;3.129471584;10.30183652;9.793831607;5.265042619;2.721678141;3.304954633;14.21216475;13.49815961;33.59205341;0;25.8621784;13.38633687;11.62327445;0;1.149697267;4.290468496;2.217771406;0;9.578493242;18.20002673;7.44759155;0;3.205640727;1.705826493;0.521802628;0;6.668113266;0.117638328;0.158936749;1.028383423;2.379046157;1.816753432;0.707631517;0.307299278;2.122929477;0.520301775;0.119284865;0.851348009;1.359729675;1.370254681;0.60407824;0.710443578;0;0.070523905;0.311742816;0.374512035;0.633489367;0;0.449318052;0.80728364;0.178690593;1.081898655;0;1.855870512;0;0.162780089;0.929339496;0;0.39574442;5.982401206;0;0.089638447;0;0;0;0;0.236141955;0.097532218;0.233200418;0;0;0.342955386;0.186095237;0;0.239117903;0.026623634;0;0;0;0.231274624;0.010636913;0.027531856;0;0;0;0;0.008701161;0;0;0.013002159
16/03/2020;119718723.3;2968063.633;53585786.67;14453366.16;0;54942.47584;654860.6553;0;976549.7262;0;181617.6309;104044.4083;263864.0928;0;0;63435.01117;47554.09825;212351.011;9781.261932;0;0;165487.6827;0;37706.68905;23253.17305;0;59339.80717;0;66376.26253;8881.992311;23075.01633;13741.1036;4019.543428;0;17853.50186;80174.45876;0;6432.36362;23418.41138;3016.795167;1163.934795;13116.37141;2927.411432;2965.598736;4637.311367;2444.804549;0;6029.40797;3121.877927;3611.421079;3732.324232;1367.955614;557.550591;499.0621957;353.3710134;344.2041621;615.8885762;1574.91303;0;1576.712143;1618.618351;173.8477709;427.513284;361.1892103;171.3467952;246.8964807;98.63905896;286.6986261;646.6051572;148.6467574;0;248.6242764;0;21.03212026;680.3368269;493.213068;94.08311015;185.2605766;0;72.04455047;1651.254924;118.217071;240.9445286;134.8745606;311.3413795;270.355983;246.787431;35.86166783;8.439418938;44.71596133;6.19250136;0;68.92996677;13.25952187;33.50099712;118.2018735;49.77783828;0;79.49209799;0;110.4964406;25.40176821;0.278360499;18.77930783;53.49012257;0;15.64735792;15.3228997;10.88203512;11.02812981;5.443356281;3.304954633;18.949553;13.49815961;33.59205341;0;25.8621784;20.82319068;11.62327445;0;1.521977063;4.351760903;2.217771406;0;10.8739452;18.20002673;7.44759155;0;4.133589358;1.766748868;2.609013139;0;7.127983146;0.274489432;0.317873498;2.056766846;2.379046157;1.816753432;1.165345553;0.307299278;2.830572636;1.040603551;0.119284865;0.851348009;1.55774856;1.739346851;0.959418381;0.863676507;0;0.423143428;0.799943831;0.466059422;0.831454794;0;0.505482809;0.888012004;0.198545104;1.475316347;0;2.021573236;0;0.210423041;0.929339496;0;0.672765514;5.984616828;0;0.110664749;0;0;0;0;0.270453179;0.097532218;0.373120669;0;0;0.342955386;0.186095237;0;0.239117903;0.038033763;0;0;0;0.231274624;0.010636913;0.028993725;0;0;0;0;0.043505807;0;0;0.013002159
17/03/2020;119718723.3;8904190.898;53585786.67;14453366.16;0;1071378.279;1146006.147;0;976549.7262;0;181617.6309;156066.6125;688978.4646;0;0;63435.01117;86461.99682;268977.9473;9781.261932;0;0;176313.9797;0;40220.46832;23253.17305;0;64956.33212;0;88501.68337;26645.97693;23075.01633;41223.31081;4019.543428;0;17853.50186;80174.45876;0;7894.264442;24285.75995;3544.30661;1334.787609;13116.37141;2927.411432;4133.864905;5667.825005;2950.029552;0;6553.704315;3121.877927;3963.754843;3989.585092;1789.898702;696.9382388;658.5258559;478.2785921;497.1837898;923.8328642;1718.086942;0;1775.407176;1710.734843;226.757962;505.1726071;479.9695546;214.9623431;281.5486183;145.0574397;413.1833141;697.3192872;154.5926277;0;316.4899514;0;40.1522296;746.6862549;493.213068;118.8995883;213.7213828;0;85.14355965;1668.096281;118.217071;275.3651755;157.9959139;373.6096554;291.6805257;288.5399873;41.76295494;13.22935942;57.32815555;9.28875204;0;88.81361104;48.06576678;33.50099712;121.7837484;49.77783828;0;91.35659023;0;119.1793041;25.40176821;0.726830191;37.55861566;63.60221288;0;21.90630109;20.60367304;13.05844214;14.30099414;7.257808375;4.131193292;18.949553;14.72526503;33.59205341;0;45.25881221;32.72215679;11.62327445;0;2.10980456;5.730840063;2.217771406;0;12.60121447;19.04603512;8.068224179;0;4.977179023;2.315050241;2.609013139;0;8.852495198;0.548978865;0.794683745;2.798159546;11.21550331;1.816753432;1.342253432;0.307299278;3.184394215;3.121810652;0.596424323;0.993239344;2.257415286;2.085370761;1.154855458;0.863676507;0;0.705239047;1.388137824;0.565929298;0.87104788;0;0.561647565;0.888012004;0.655198842;1.927746694;0;2.187275961;0;0.325560177;0.929339496;0;1.305956586;5.98646318;0;0.177616922;0;0;0;0;0.347148856;0.097532218;0.466400836;0;0;0.342955386;0.930476185;0;0.239117903;0.0481761;0;0;0;0.231274624;0.01595537;0.034597554;0;0;0;0;0.043505807;0;0;0.013002159
18/03/2020;119718723.3;23744509.06;58501913.89;14453366.16;0;1071378.279;4584024.587;2006415.393;1464824.589;0;181617.6309;208088.8166;850228.7435;0;0;63435.01117;125369.8954;268977.9473;29343.78579;0;0;197966.5737;16177.39127;47761.80613;23253.17305;0;76433.57878;0;88501.68337;39968.9654;23075.01633;41223.31081;5359.391237;0;17853.50186;80174.45876;1161.127208;8853.271382;29489.85137;4237.200018;1623.101732;13504.78332;2927.411432;4403.46479;6440.710232;3548.686575;238.2962928;6553.704315;3121.877927;4545.105554;4316.26555;2211.841789;975.7135343;862.2849772;478.2785921;669.2858708;994.8969307;1904.213028;252.1972792;2012.477511;1868.648828;226.757962;598.1401911;562.388569;267.9240798;350.8528936;156.6620348;598.6941898;748.0334171;225.9430712;0;421.4509702;0;40.1522296;791.0893336;493.213068;160.1181123;252.5721988;0;108.7217762;1686.742068;136.3115206;401.5742143;192.6779437;404.7437933;313.4952877;311.6530095;59.01287111;25.31825681;66.50066044;15.4812534;0;121.9530181;82.87201169;33.50099712;136.1112483;49.77783828;0;118.6449224;0;127.9653596;101.6070728;1.51551827;57.44258866;74.65935835;0;25.03577267;21.72908375;15.77895092;16.93351545;8.165034422;5.783670608;26.84520008;23.92855568;33.59205341;40.9226659;45.25881221;37.92795446;11.62327445;2.396328239;2.557328903;6.190533116;2.217771406;0;13.19005627;19.28465288;9.619805752;0;5.961366965;2.985196363;3.478684186;0;9.427332548;0.548978865;0.794683745;3.467804565;11.89523079;1.816753432;1.844896454;0.307299278;3.892037374;3.121810652;0.715709188;0.993239344;2.257415286;2.620554407;1.652331655;1.615910884;4.143840183;1.057858571;1.758700039;0.657476684;0.87104788;1.469667909;0.692698664;0.968740368;0.694907863;1.927746694;0;2.485540864;0;0.369232884;0.929339496;0;1.424679912;5.989712759;0;0.205836433;0;0;0;0;0.458155758;0.097532218;0.652961171;0;0.147942212;0.342955386;1.116571422;0;0.239117903;0.062121813;0;0;0;0.231274624;0.042547654;0.03800858;0.098972857;0;0;0.056331289;0.052206968;0;0;0.026004318
19/03/2020;119718723.3;29680636.33;58501913.89;14453366.16;0;1455975.61;4584024.587;2006415.393;1953099.452;642508.2724;332965.6567;208088.8166;1055456.371;0;0;190305.0335;206891.2067;375153.4527;29343.78579;0;0;214979.3261;40443.47818;57816.92321;23253.17305;0;84247.87437;0;132752.5251;48850.95771;23075.01633;41223.31081;6252.62311;0;17853.50186;80174.45876;1161.127208;11914.4917;32525.57136;5118.286697;2279.817236;13743.80603;5854.822865;6021.0641;8501.737507;4256.347623;357.4444392;6815.852488;3121.877927;4703.655747;4700.115088;2705.004569;1254.48883;1644.838124;838.0551223;917.8777657;1362.061274;2247.830416;756.5918377;2312.379656;1947.605821;370.371338;772.4221605;841.1587649;339.5781942;454.8093065;208.8827131;725.1788777;811.4260796;374.5898286;392.5941626;523.7794162;0;65.00837173;891.1238558;493.213068;163.9594836;303.6284831;44.05087774;134.9197945;1717.216904;168.88153;470.4155082;265.8955624;467.0120692;352.7128373;311.6530095;62.87140499;45.39038834;83.69910711;21.67375476;60.97457495;124.6041707;130.9377785;52.64442405;143.2749982;49.77783828;0;128.1365162;7.439829729;135.6752707;152.4106092;2.969178651;76.22189649;85.05496521;0;25.03577267;30.73236945;21.21996848;16.93351545;10.88671256;9.088625242;26.84520008;29.45053007;33.59205341;40.9226659;45.25881221;44.62112289;11.62327445;2.396328239;4.493972428;6.650226169;2.217771406;0;15.70244794;20.04389118;9.619805752;0;7.648546295;3.83810961;5.739828906;0;11.03687713;0.627404417;1.033088868;5.596319091;12.57495826;1.816753432;2.246449259;0.307299278;3.892037374;4.682715978;1.073563782;1.560804683;3.617144961;3.141897097;1.812234719;2.089539937;4.143840183;1.622049808;2.670400729;0.807281498;0.87104788;1.469667909;0.81438897;0.968740368;0.873598456;2.517873233;0;2.816946313;0;0.468489035;1.394009244;1.253283726;1.662126564;5.993700879;0;0.343614046;0;0;0;0;0.627693572;0.227575175;0.792881422;0;0.147942212;0.342955386;1.116571422;0;0.239117903;0.084096876;0;0;0;0.462549249;0.042547654;0.04726708;0.098972857;0.048182231;0;0.112662579;0.052206968;0;0;0.026004318
20/03/2020;188129422.4;29680636.33;70792231.93;14453366.16;685940.6838;2060342.844;4584024.587;2006415.393;1953099.452;642508.2724;423774.4721;260111.0208;1172729.301;20606.83366;0;190305.0335;298911.4747;453015.4901;58687.57159;0;0;220392.4746;40443.47818;80440.93664;23253.17305;0;94015.74386;0;154877.9459;66614.94233;23075.01633;41223.31081;12505.24622;0;17853.50186;80174.45876;4644.508831;15478.60591;33826.59421;6435.639596;2824.41058;14042.58442;10733.84192;6021.0641;10537.00194;5180.286498;1668.07405;8126.593351;3121.877927;4985.522758;5124.799683;3208.917492;1254.48883;2016.919998;1088.937866;1281.204381;1610.785507;2333.734763;756.5918377;2649.69913;2092.360308;498.8675165;877.6449533;1009.632927;426.8092899;554.4342022;284.3125817;935.986691;887.4972746;529.1824563;392.5941626;678.5883716;446.4263414;137.6647872;976.867732;672.5632746;242.8600309;352.2548458;44.05087774;176.8366239;1734.659738;168.88153;523.9587367;342.9667399;498.1462072;401.7347744;369.0627745;69.90755501;83.70991217;97.45786444;30.18844413;60.97457495;168.3481881;155.799382;52.64442405;154.020623;49.77783828;0;160.1706452;7.439829729;144.7930145;152.4106092;5.551745498;93.89653916;97.34068241;0;53.20101693;36.79227329;29.38149482;30.87876347;21.77342513;13.21981853;36.31997658;29.45053007;67.18410683;40.9226659;45.25881221;54.28903285;46.49309778;4.792656478;6.275855332;7.048626815;19.95994265;0;17.66525393;20.88989957;11.79201995;6.368366396;9.05452907;4.691022856;6.957368371;0;11.95661689;1.137170505;1.589367489;5.596319091;17.33305057;5.450260296;2.648002064;0.307299278;4.599680533;6.243621303;1.073563782;2.270261357;4.54123309;3.649398831;2.274176902;2.813913781;4.143840183;2.327288856;2.946851905;1.065278678;0.95023405;1.469667909;0.842471348;1.21092546;0.972871008;2.80310106;0;3.015789582;0;0.651120354;1.394009244;1.253283726;1.662126564;6.000643161;0;0.43878573;0;0;0.032425332;0.187795269;0.744755395;0.227575175;0.932801673;0;0.147942212;1.028866157;1.116571422;0;0.239117903;0.106917134;0;0.172018471;0;0.462549249;0.06382148;0.059449318;0.098972857;0.048182231;0;0.112662579;0.078310452;0.249846224;0.024069799;0.026004318
21/03/2020;188129422.4;29680636.33;70792231.93;14453366.16;685940.6838;2417468.937;6057461.062;2006415.393;1953099.452;642508.2724;968627.3648;260111.0208;1348638.697;20606.83366;0;190305.0335;413782.4134;516720.7934;68468.83352;0;0;235858.6132;48532.17381;80440.93664;23253.17305;0;105492.9905;0;154877.9459;78457.59875;23075.01633;41223.31081;20097.71714;0;17853.50186;80174.45876;5418.593636;19223.99582;35994.96564;8026.728163;3801.47511;14371.24065;14637.05716;7548.796782;12185.82376;6282.438301;1668.07405;9127.522737;3121.877927;5390.706587;5414.72859;3781.362573;6829.99474;2318.129134;1366.510263;1625.408543;1895.041773;2677.352152;1008.789117;3019.195253;2316.071787;604.6878988;1091.10059;1205.984108;623.0792553;892.2925441;481.5906996;1045.606754;963.5684695;552.9659375;785.1883252;759.4459642;1339.279024;214.1452245;1080.985296;807.0759295;305.968274;398.8981691;44.05087774;223.9930569;1764.132112;184.5633864;680.7639061;450.8663884;498.1462072;432.1283754;395.1581221;83.2989373;115.4147563;118.0960004;40.25125884;60.97457495;216.0689343;182.3184257;63.4126017;175.5118727;49.77783828;0;181.5267312;22.31948919;151.9132574;152.4106092;10.36119633;93.89653916;111.8000265;0;53.20101693;46.40154937;32.64610536;38.2071336;21.77342513;17.35101183;40.00461188;31.90474091;67.18410683;40.9226659;45.25881221;57.26377437;46.49309778;11.18286511;8.37514537;9.408384488;35.48434249;2.782835048;20.53095068;21.84437058;14.58486679;6.368366396;11.55717841;5.848547977;11.13178939;0;12.3015193;1.843000474;2.145646111;7.60525415;18.01277805;7.267013728;3.58589463;0.614598555;6.36878843;8.84513018;1.669988105;2.695935361;5.174893522;4.941221426;3.482333381;3.343263898;6.215760275;3.032527903;4.29381615;1.314953368;0.95023405;1.469667909;1.301150193;1.533838916;1.052289049;2.891620041;0;3.115211217;0;0.805959951;1.394009244;2.506567452;2.770210939;6.004705135;0;0.564943544;0.109452085;0;0.032425332;0.187795269;0.908238287;0.227575175;1.166002091;0;0.147942212;1.028866157;1.86095237;0;0.239117903;0.129314794;0;0.516055412;0;0.462549249;0.117006047;0.080402766;0.098972857;0.048182231;0;0.112662579;0.078310452;0.249846224;0.048139597;0.026004318
22/03/2020;393361519.5;44520954.49;86032226.3;14453366.16;685940.6838;3104249.885;6057461.062;2006415.393;2441374.315;1927524.817;968627.3648;468199.8374;1685798.371;103034.1683;0;190305.0335;492833.3819;637053.033;107593.8812;0;0;258284.5141;113241.7389;110606.2879;23253.17305;26142.39599;111109.5155;18525.72227;154877.9459;85859.25901;23075.01633;41223.31081;28583.41993;0;17853.50186;80174.45876;10837.18727;21852.4935;38163.33706;9697.656299;4714.469834;14759.65256;17564.46859;8537.329694;14633.29365;7273.855857;2502.111075;9866.303951;3121.877927;5743.040351;5696.490485;4813.376238;6969.382388;2675.445854;1708.137829;2199.082147;2297.73815;3550.713014;1008.789117;3332.509032;2473.985773;710.5082811;1237.045077;1357.489649;975.1190346;1100.20537;829.7285548;1172.091442;1128.389392;749.1796573;785.1883252;850.3893876;1339.279024;386.2262085;1217.256813;807.0759295;346.5160823;447.3848811;44.05087774;290.7980037;1796.611872;184.5633864;707.5355204;516.3768892;591.548621;474.0421316;465.2427702;98.27912766;179.9649065;150.1997676;78.95439234;121.9491499;247.8827651;261.8755569;77.77017189;193.4212475;199.1113531;0;200.5099188;22.31948919;159.4904931;152.4106092;19.11408756;123.7224987;123.4242051;0;59.4599601;54.88541474;40.80763169;44.96630994;23.58787722;28.91835304;40.00461188;33.74539904;67.18410683;40.9226659;122.8453474;60.98220128;58.11637223;11.18286511;10.93378859;11.64555735;35.48434249;2.782835048;24.57433102;23.88346774;20.79119308;6.368366396;16.84367364;7.006073097;13.0450657;51.19952968;13.39371027;2.862532651;3.178734979;8.68146936;28.54855388;9.08376716;4.125042452;0.614598555;7.784074748;9.885733731;1.669988105;3.263500701;6.745843341;7.146547142;4.104178628;3.816892951;6.215760275;3.032527903;4.564385386;2.213782252;1.583723417;1.469667909;1.881519344;1.937480737;1.191270622;3.216189637;0;3.744881569;0;0.996531762;1.394009244;2.506567452;2.770210939;6.014306164;0;0.855438511;0.109452085;0.310180756;0.064850664;0.187795269;1.037409955;0.48766109;1.259282258;0;0.221913318;1.028866157;1.86095237;0;0.239117903;0.155093234;0;0.516055412;0;0.462549249;0.159553701;0.096483319;0.098972857;0.048182231;0.040945756;0.225325158;0.095712775;0.249846224;0.048139597;0.026004318
23/03/2020;393361519.5;44520954.49;91931578.96;14453366.16;1371881.368;3653674.643;8349473.356;2006415.393;3906198.905;1927524.817;1089705.785;468199.8374;1729775.72;267888.8376;0;317175.0559;540387.4801;757385.2725;234750.2864;0;0;291536.712;137507.8258;133230.3013;69759.51914;26142.39599;124296.1393;37051.44453;154877.9459;91780.58722;23075.01633;54964.41442;31709.73148;0;26780.2528;80174.45876;13933.52649;25714.83547;39464.35992;10672.83961;5718.230116;14968.79744;17564.46859;10424.52889;15148.55047;8216.82718;3216.999953;10533.59021;3121.877927;6201.074244;5921.083299;6012.017111;7108.770035;3322.159587;2199.227455;2600.653669;2783.342604;3822.743446;1008.789117;3602.375881;2487.145272;823.8872621;1510.873742;1498.086792;1074.811715;1364.427919;1038.611268;1517.816256;1318.567379;808.6383602;1570.37665;993.4030494;1339.279024;468.4426786;1337.706544;896.7510328;405.4780833;554.5807341;44.05087774;326.1653285;1796.611872;238.8467353;711.3600367;608.8623022;591.548621;501.4944164;518.179047;130.7362068;223.7586481;191.4760395;78.95439234;182.9237248;266.4408331;268.5053179;86.14542117;218.4943722;199.1113531;107.5214231;231.3575986;22.31948919;169.8907651;228.6159139;23.6451779;140.2924762;143.4593747;0;112.660977;64.84097104;48.42505628;53.07732154;27.21678141;33.04954633;42.63649424;40.49447884;67.18410683;81.8453318;129.310892;72.137482;58.11637223;12.78041727;14.40719522;14.15854604;39.9198853;2.782835048;27.47928389;24.46916586;24.51498885;19.10509919;20.27427161;8.71189959;17.21948672;51.19952968;15.29067352;2.862532651;4.45022897;9.446777953;29.56814509;9.08376716;5.863232567;1.229197111;7.784074748;10.40603551;2.982121617;3.83106604;7.419107549;7.760162874;4.921460952;5.59996703;6.215760275;3.244099617;5.14669744;2.505069391;1.583723417;3.674169773;2.152982334;2.179665829;1.230979642;3.599771887;0;4.076287017;0;1.254597756;1.858678992;2.506567452;3.047232033;6.018958971;0;1.064594887;0.985068766;0.310180756;0.097275997;0.751181078;1.168599929;0.520171829;1.53912276;0;0.221913318;1.028866157;1.86095237;0;0.478235806;0.185097647;0;0.516055412;0;0.462549249;0.212738268;0.121578727;0.098972857;0.048182231;0.040945756;0.225325158;0.095712775;0.249846224;0.072209396;0.026004318
24/03/2020;393361519.5;44520954.49;91931578.96;14453366.16;1371881.368;4505283.018;8349473.356;2006415.393;3906198.905;1927524.817;1089705.785;624266.4499;1788412.185;473957.1743;0;380610.067;678726.6751;778620.3736;352125.4295;0;0;303136.3159;145596.5214;143285.4184;69759.51914;26142.39599;136261.7794;37051.44453;154877.9459;91780.58722;23075.01633;82446.62162;41981.89802;0;26780.2528;80174.45876;16255.78091;28878.38885;45102.12562;12172.68296;6609.868238;15715.74342;24395.09527;11143.46192;16694.32092;9620.037718;5599.962882;11439.19299;12487.51171;6500.557943;6496.857607;7099.125256;7945.095922;3924.577859;2521.63847;2830.123111;2949.158759;4552.930397;1260.986396;3898.164374;2513.464269;944.8248418;1715.084222;1689.589796;1074.811715;1654.639572;1212.680195;1661.165569;1559.459497;987.0144691;1962.970813;1127.766829;1339.279024;596.5474111;1461.218556;1031.263688;492.4881923;622.9537014;132.1526332;396.8999781;1811.849289;299.1615674;780.2013306;682.0799208;653.8168969;560.3207409;553.9669524;180.2162295;246.7959808;214.4073018;119.9797138;243.8982998;288.9756299;268.5053179;104.0923839;250.7312468;199.1113531;107.5214231;255.0865831;37.19914864;182.8782061;228.6159139;28.94949185;170.1184357;153.4769595;0;125.1788634;77.99961937;62.02760018;65.59958507;27.21678141;39.6594556;42.63649424;51.53842762;67.18410683;122.7679977;32.32772301;75.85590891;81.36292112;33.54859534;17.65782542;16.91670436;44.35542811;2.782835048;31.09084692;25.87917984;26.68720305;22.28928239;23.25495509;10.35680371;19.82849986;51.19952968;18.16486028;3.803639277;5.244912715;9.949011718;30.92760004;10.90052059;7.834491792;1.229197111;9.553182645;10.92633728;8.70779512;7.520240745;10.12536564;9.430304944;6.715928664;7.717367499;6.215760275;3.526195236;5.717245613;3.220803502;2.929888322;4.409003728;2.471249287;2.341122557;1.429524746;3.953847811;0;4.440833011;0;1.457080305;3.252688237;2.506567452;3.324253127;6.025827399;1.20905796;1.243318457;0.985068766;0.310180756;0.097275997;1.064173194;1.384558811;0.812768483;1.818963262;0;0.221913318;1.028866157;1.86095237;0;0.478235806;0.209185697;0;0.516055412;0.084719461;0.462549249;0.234012095;0.130593583;0.098972857;0.144546693;0.122837269;0.225325158;0.104413936;0.249846224;0.072209396;0.039006477
25/03/2020;530182917.6;77169654.45;102255446.1;14453366.16;2057822.052;5164592.728;8349473.356;2006415.393;5371023.494;2248778.954;1392401.837;884377.4706;1935003.347;473957.1743;0;507480.0894;823241.7269;913109.3473;352125.4295;0;144869.486;324015.603;145596.5214;165909.4318;69759.51914;26142.39599;154088.1412;129680.0559;154877.9459;108064.2398;23075.01633;82446.62162;49574.36894;0;26780.2528;80174.45876;18578.03532;31860.66653;47270.49704;14077.42698;12648.44738;16044.39965;24395.09527;11862.39494;18987.21377;11094.18738;6195.703614;12583.11229;12487.51171;7117.14203;7039.963868;7508.974433;8363.258865;4618.540084;3197.420499;3384.674261;3138.662936;4767.691264;1260.986396;4191.755163;2566.102264;1126.231211;2129.181277;2004.721321;1380.120551;1914.530604;1589.829539;1863.54107;1851.065744;1046.473172;2748.159138;1276.045636;1785.705365;749.5082858;1574.012584;1255.451446;581.022655;704.7610629;132.1526332;503.0019524;1831.898524;401.6967821;826.0955265;774.5653338;809.4875867;619.1470654;612.1222986;205.6371586;267.5523896;259.1232631;158.6828473;304.8728747;320.7894608;313.2562042;111.271169;268.6406216;199.1113531;215.0428462;278.8155676;66.95846756;199.1383054;228.6159139;37.62506072;190.0024086;169.7319084;36.1474284;128.308335;90.98512759;94.12960378;81.25241448;32.66013769;47.09560353;45.2683766;60.74171826;67.18410683;122.7679977;32.32772301;75.85590891;92.98619556;35.1461475;21.61325718;19.49098545;51.00874233;11.13134019;34.54538546;28.35212746;30.72131514;25.47346558;26.26375823;13.70753432;25.39439455;51.19952968;19.88937233;5.685852527;5.960128085;11.47962891;32.62691873;10.90052059;9.129008178;1.229197111;13.09139844;12.48724261;9.542789173;13.19589414;11.88113309;10.90667362;8.350493312;9.876558767;6.215760275;4.231434283;6.252502147;3.220803502;3.325819177;4.409003728;2.826959412;2.583307649;1.608215339;4.484961696;0;4.672816825;0;1.607949655;3.252688237;2.506567452;3.601274221;6.030997184;1.813586941;1.413188846;1.532329191;1.550903778;0.226977326;1.18937004;1.594462771;0.910300701;1.818963262;0;0.887653272;1.028866157;1.86095237;0;0.717353709;0.278069067;0.082907369;0.516055412;0.084719461;0.462549249;0.271241292;0.160074597;0.098972857;0.144546693;0.204728781;0.225325158;0.104413936;0.249846224;0.072209396;0.039006477
26/03/2020;564388267.1;103882227.1;102255446.1;14453366.16;2057822.052;6153557.294;9168049.175;10032076.96;5371023.494;4818812.043;1997793.94;1456621.716;2052276.277;515170.8416;0;507480.0894;897352.0099;948501.1824;352125.4295;0;144869.486;354174.5732;145596.5214;165909.4318;162772.2113;182996.7719;166786.3716;203782.9449;154877.9459;108064.2398;23075.01633;82446.62162;60293.15141;0;26780.2528;80174.45876;31350.43461;34533.02123;49438.86847;17778.56131;14378.33212;16402.93372;29274.11432;13120.52774;20661.79843;12857.28422;8221.222103;13393.38846;12487.51171;9477.778247;7664.740244;9284.091689;9060.197104;5371.562923;3783.525291;3843.613144;3434.763213;5268.799956;2269.775513;4541.302891;2737.175749;1337.871976;2484.840337;2333.185335;1738.391122;2144.101016;1734.886978;2057.484258;2206.064654;1135.661227;2748.159138;1502.207571;1785.705365;933.0613354;1719.470945;1255.451446;710.8366158;814.3030471;484.5596551;503.0019524;1852.749727;401.6967821;864.3406898;890.1721001;809.4875867;696.1115066;665.0585754;233.5547861;320.0136424;299.252972;219.0597356;304.8728747;349.952139;359.6645307;145.9686303;282.9681214;298.6670297;215.0428462;298.9852044;96.71778648;216.7472706;304.8212185;56.1205694;234.1890153;191.9407048;36.1474284;156.4735792;105.7020369;107.1880459;92.92088731;47.17575444;55.35799011;45.2683766;66.87724536;67.18410683;122.7679977;32.32772301;78.83065044;92.98619556;35.1461475;27.54673338;21.66686591;51.00874233;16.69701029;37.60736281;30.08752929;32.58321303;25.47346558;29.38503999;16.75365306;26.43799981;51.19952968;21.95878679;7.685704105;5.960128085;13.87121826;32.62691873;12.71727402;11.33895264;1.229197111;14.50668476;13.00754438;11.45134701;18.7296562;13.35967409;12.96436247;8.72360046;12.91335681;6.215760275;5.289292854;7.064209857;4.177889814;3.721750031;4.409003728;3.435410941;3.471319653;2.20385065;4.868543946;0;5.070503363;0;1.88586688;3.717357985;2.506567452;4.234465293;6.039933526;3.627173881;1.651671381;1.532329191;1.550903778;0.324253322;1.439763732;1.802348423;1.007832918;2.05216368;0;1.183537696;1.028866157;2.047047607;0;0.717353709;0.354981788;0.165814738;0.516055412;0.084719461;0.693823873;0.345699685;0.177129729;0.197945715;0.144546693;0.286620293;0.244102254;0.104413936;0.249846224;0.096279195;0.039006477
27/03/2020;718312339.9;163243499.8;109629636.9;24088943.6;2057822.052;7334820.524;9168049.175;10032076.96;5371023.494;5461320.316;2663725.253;1716732.737;2110912.743;597598.1763;0;507480.0894;991225.035;983893.0176;489063.0966;0;144869.486;360361.0286;194128.6952;203616.1209;162772.2113;182996.7719;178752.0117;203782.9449;154877.9459;108064.2398;23075.01633;109928.8288;64759.31078;0;26780.2528;98676.25694;36381.98584;37798.90767;49872.54275;20769.69376;16204.32157;16791.34563;29274.11432;14558.39379;22928.92843;14885.10512;9770.148006;15061.6041;12487.51171;10129.59571;8354.852711;10289.23;9199.584752;6263.378208;4556.457659;4187.817306;3896.679645;5598.099953;2521.972792;4874.283307;2960.887228;1504.161148;2825.965149;2762.249028;2099.77709;2538.269082;2077.222536;2361.047509;2358.207044;1409.17126;2944.456219;1739.241689;2232.131707;1110.878352;1916.477708;1255.451446;886.7470323;920.6889263;484.5596551;598.6247194;1870.99453;488.5501404;1028.794892;1013.485984;809.4875867;752.2416246;720.2315962;293.2485749;363.8073839;343.9689333;284.8550626;304.8728747;388.3938512;394.4707756;197.4165902;297.2956212;448.0005445;215.0428462;316.7819427;96.71778648;238.3143832;304.8212185;88.11656225;259.5963141;204.226422;36.1474284;168.9914655;120.2458061;123.5110986;114.5502516;61.69137119;66.09909267;49.47938838;80.37540497;100.7761602;122.7679977;32.32772301;78.83065044;92.98619556;46.32901262;33.40233641;24.60890145;55.44428514;16.69701029;40.86562076;31.84462365;36.92764144;25.47346558;31.94392864;21.01821929;31.30815767;51.19952968;26.32755065;12.15596057;7.231622076;15.18659241;33.64650994;12.71727402;13.13611204;2.458394222;18.39872213;14.56844971;12.04777133;19.43911287;14.57418992;14.50070863;9.576416798;16.2984115;6.215760275;6.206103615;8.075903525;4.901946416;4.355239398;4.409003728;3.828564237;4.924430205;2.978176554;5.271797081;0;5.401908812;0;2.322593947;3.717357985;2.506567452;4.234465293;6.048426744;3.627173881;1.890707239;2.517397957;1.550903778;0.324253322;1.627559002;2.111149441;1.007832918;2.238724014;0;1.627364332;1.028866157;2.047047607;0;0.956471612;0.437810872;0.455990529;0.860092354;0.084719461;0.693823873;0.372291969;0.216112888;0.296918572;0.144546693;0.286620293;0.244102254;0.139218581;0.249846224;0.096279195;0.039006477
28/03/2020;718312339.9;166211563.4;110121249.7;24088943.6;2057822.052;8461141.279;9168049.175;10032076.96;5371023.494;5461320.316;2936151.7;2393021.391;2272163.021;659418.6772;1483850.845;507480.0894;1130799.401;1054676.688;616219.5017;442055.032;144869.486;368094.0979;210306.0865;233781.4721;162772.2113;182996.7719;195845.7833;203782.9449;177003.3667;150993.8693;23075.01633;109928.8288;81730.71636;109405.8264;26780.2528;98676.25694;39478.32506;41155.43196;52040.91418;26044.80818;19322.38542;17627.92512;29274.11432;16086.12648;24809.61582;16890.43313;10008.4443;16300.85001;18731.26756;11362.76388;8987.796098;11114.30342;10314.68593;7131.569247;5519.42036;4608.511282;4820.51251;5898.765168;2521.972792;5210.926564;3092.482216;1746.036308;3149.158655;3188.888632;2448.701473;2845.806803;2286.105249;2571.855322;2497.670901;1534.034536;2944.456219;1972.549179;2232.131707;1374.735861;2049.176564;1255.451446;1041.987213;1049.474773;528.6105329;863.2247047;1900.266412;564.5468289;1116.758767;1136.799868;934.0241384;844.8930857;791.0618257;329.5641879;415.812452;393.2711471;349.1022642;304.8728747;438.76575;454.1386241;217.7564813;322.3687459;448.0005445;215.0428462;335.7651303;141.3567649;260.9871236;304.8212185;114.4680228;271.747631;219.2527992;36.1474284;187.7682951;141.8017497;151.2602881;135.8238697;86.18647445;98.32240034;49.47938838;93.26001188;100.7761602;122.7679977;51.72435681;84.03644811;92.98619556;46.32901262;39.91509707;32.94466881;55.44428514;16.69701029;45.81189186;36.72544131;40.3411209;25.47346558;35.00897109;24.49079465;36.00438132;51.19952968;29.08676994;13.95974827;7.231622076;16.04756457;33.64650994;12.71727402;15.64371103;2.458394222;19.81400845;17.69026036;12.04777133;20.00667821;15.88111456;16.79369374;10.80234028;16.53522603;6.215760275;7.33448609;8.793500197;5.742517872;4.355239398;4.409003728;4.249799911;5.973898938;4.526828362;5.665214773;0;5.766454805;0;2.846666427;3.717357985;5.013134903;4.709358597;6.05595986;4.836231842;2.160175903;3.283562553;1.550903778;0.324253322;1.627559002;2.331144937;1.235408094;2.238724014;0;2.071190967;1.028866157;2.233142844;0;1.195589516;0.534163072;0.74616632;1.204129295;0.254158382;1.156373122;0.473342646;0.240477363;0.296918572;0.144546693;0.32756605;0.262879351;0.139218581;0.249846224;0.120348993;0.065010795
29/03/2020;786723039;192924136.1;110121249.7;24088943.6;4115644.103;9175393.464;9168049.175;10032076.96;5371023.494;7067590.997;3269117.356;2601110.208;2330799.487;865487.0139;1483850.845;507480.0894;1204292.099;1068833.422;616219.5017;442055.032;144869.486;385880.1573;266926.956;233781.4721;162772.2113;235281.5639;206102.0463;203782.9449;177003.3667;156915.1975;23075.01633;109928.8288;81730.71636;109405.8264;80340.75839;104843.523;41413.53708;43357.0546;54642.95988;30897.91345;22675.3719;18942.55005;29274.11432;19231.45847;26278.09775;18800.59889;10127.59245;17397.106;18731.26756;11961.73128;9779.996208;11809.03137;10872.23652;7722.175396;6364.948585;4952.715444;5021.860698;6271.017339;2774.170072;5504.911813;3355.672192;1987.911467;3444.788692;3414.328877;2806.972045;3088.371767;2669.05689;2926.012449;2687.848889;1920.516106;2944.456219;2122.981909;2678.558048;1642.417392;2186.468842;1255.451446;1190.337315;1122.06519;616.7122884;970.63658;1921.318108;687.5890865;1200.898127;1210.017487;996.2924143;906.9058361;861.8920551;411.9552349;438.8497848;467.7977493;397.8682124;304.8728747;458.6493943;503.8618311;250.0610142;325.9506208;448.0005445;215.0428462;353.5618687;178.5559135;282.3699649;304.8212185;142.5360397;286.1082781;233.4286268;36.1474284;219.0630109;161.193442;169.7597479;152.1881914;99.79486516;114.8471735;49.47938838;102.4633025;134.3682137;163.6906636;51.72435681;87.01118963;92.98619556;67.09719069;46.29215468;43.45631662;55.44428514;33.39402058;48.67758861;40.47824777;44.06491667;47.76274797;39.03008183;29.18181751;38.61339446;51.19952968;31.44360307;18.62606862;11.04610405;20.37634131;35.00596488;12.71727402;17.62058638;4.916788443;20.87547319;17.69026036;19.68200267;21.56748289;17.14843542;18.38079007;12.47243895;17.83074079;6.215760275;10.15544228;9.39345807;6.200254804;4.751170252;4.409003728;4.783365098;6.538997486;5.638680942;5.98978437;0;6.230422433;0;3.366768661;5.111367229;5.013134903;4.709358597;6.06504391;4.836231842;2.354945862;3.611918808;2.7916268;0.58365598;2.441338503;2.593524887;1.365451051;2.238724014;0;2.145162073;1.028866157;2.233142844;0;1.195589516;0.648264361;0.74616632;1.204129295;0.677755685;1.156373122;0.590348693;0.249492218;0.296918572;0.144546693;0.32756605;0.262879351;0.182724388;0.249846224;0.168488591;0.078012954
30/03/2020;838031063.2;204796390.7;113070926;28906732.32;4115644.103;10164358.03;10150340.16;10032076.96;7324122.946;8673861.678;4268014.326;2601110.208;2462731.533;1009734.85;1483850.845;761220.134;1227760.355;1104225.257;802063.4784;442055.032;507043.2009;398253.0681;266926.956;233781.4721;162772.2113;235281.5639;214648.9321;203782.9449;177003.3667;156915.1975;23075.01633;151152.1396;100041.9698;136757.283;80340.75839;104843.523;49541.42753;46552.7698;55076.63417;33928.96569;25067.31129;20705.34256;35128.93719;20669.32452;27978.44525;20330.11568;10842.48132;18016.72895;18731.26756;12595.93206;10523.19425;12924.35864;11429.78712;8593.319465;6841.092005;5449.899234;5708.813341;6385.556468;3530.761909;5733.134979;3500.426679;2252.462423;3782.172441;3637.345034;3081.126918;3421.898592;2848.928115;3170.549512;2827.312746;2188.080269;2944.456219;2286.74845;2678.558048;1722.721851;2268.640057;1928.01472;1350.028608;1244.287455;792.9157993;1028.27222;1936.956511;737.0472488;1285.037486;1271.674429;1120.828966;987.3018129;903.6446114;478.6851738;447.5172961;512.5137106;455.9229126;304.8728747;475.881886;513.8064725;326.6347219;368.9331203;448.0005445;322.5642693;363.0534625;223.1948919;305.853499;304.8212185;167.4338399;296.0502646;248.1714874;144.5897136;219.0630109;177.9014626;169.7597479;174.244451;126.1044205;140.4605719;80.00922377;109.825935;134.3682137;163.6906636;51.72435681;90.72961654;92.98619556;75.08495148;53.16635203;47.37903068;66.53314217;33.39402058;53.07427403;40.47824777;50.27124296;47.76274797;42.85435498;33.87284037;42.78781548;51.19952968;36.21475308;21.48860127;11.04610405;22.72009887;36.36541983;12.71727402;20.75999922;6.760584109;22.64458109;18.73086391;20.03985726;21.56748289;19.1814293;20.12013692;14.17807162;18.47153304;6.215760275;10.5080618;10.09929086;6.824441529;6.730824524;4.409003728;5.466702969;7.83065131;5.996062129;6.452050159;0;6.727530606;0;3.94245434;5.111367229;5.013134903;5.342549669;6.070656819;4.836231842;2.533669431;3.611918808;3.101807556;0.87548397;2.691732196;2.853886529;1.625536965;2.285364098;2.169923236;2.588988709;1.028866157;2.233142844;0;1.195589516;0.775888765;1.036342111;1.204129295;0.677755685;1.156373122;0.696717827;0.304799575;0.296918572;0.240911156;0.32756605;0.356764833;0.200126711;0.249846224;0.168488591;0.078012954
31/03/2020;889339087.5;204796390.7;116020602.3;28906732.32;4115644.103;10329185.46;11132631.14;10032076.96;7324122.946;10280132.36;4268014.326;2861221.229;2477390.649;1236410.02;1483850.845;888090.1564;1345101.636;1196244.029;919438.6216;663082.5479;579477.9439;438465.0284;275015.6516;321763.7466;162772.2113;235281.5639;226126.1787;222308.6672;221254.2084;168757.8539;23075.01633;151152.1396;110314.1363;136757.283;116047.7621;111010.7891;55347.06357;48549.72632;55943.98274;36426.80365;28607.16803;23334.59241;35128.93719;23545.05663;29240.82446;21792.15379;12987.14796;19112.98495;18731.26756;13124.4327;11678.82637;13679.55614;12126.72535;9553.054457;7946.043663;6291.287186;6301.013895;6729.173857;3530.761909;5961.527199;3803.095151;2668.185353;4124.759278;4009.442643;3679.283003;3755.425416;3115.833804;3356.060388;3080.883396;2497.265524;3140.753301;2455.062162;2678.558048;2120.420125;2368.674579;1928.01472;1533.499819;1455.942008;792.9157993;1178.910826;1962.018053;800.9809709;1388.299427;1337.18493;1120.828966;1087.061455;979.6939104;509.5534448;510.9269843;564.1090506;500.8185475;304.8728747;528.9049374;560.214799;356.5463265;394.0062449;448.0005445;322.5642693;382.03665;238.0745513;328.7768484;304.8212185;209.2497725;302.6782556;261.4022598;144.5897136;234.7103688;200.0633966;214.3760918;194.8065769;127.9188726;153.6803905;80.00922377;117.8021203;134.3682137;163.6906636;77.58653521;106.3470096;104.60947;85.46904052;61.82933244;63.86668819;75.40422779;41.74252573;55.66517794;42.36549727;54.30535505;47.76274797;46.42555122;37.58910523;45.39682862;51.19952968;39.89371213;25.29224055;15.33739627;25.47042663;37.0451473;29.06805491;23.92749267;6.760584109;22.99840266;19.77146746;21.35199077;22.84450491;20.63356779;21.03364004;16.09690838;18.84765023;6.215760275;12.13011161;11.39919959;8.771904112;6.889196866;6.613505592;6.702327612;8.63793495;6.810097053;6.983164044;6.549226441;7.02579551;1.744398264;4.343449192;5.111367229;6.266418629;5.342549669;6.076638999;5.440760822;3.163351854;4.815891744;3.101807556;0.87548397;3.56811012;3.083973562;1.918133619;2.378644265;2.893230981;2.588988709;1.028866157;2.233142844;0;1.195589516;0.987610046;1.160703164;1.376147766;0.847194606;1.387647746;0.717991654;0.340371708;0.494864287;0.337275618;0.32756605;0.356764833;0.226230195;0.249846224;0.168488591;0.091015113
01/04/2020;940647111.8;240413154.2;116020602.3;28906732.32;10975050.94;10713782.79;11132631.14;10032076.96;7324122.946;10280132.36;5206372.086;2861221.229;2536027.114;1401264.689;1483850.845;1395570.246;1432181.219;1330733.002;919438.6216;663082.5479;579477.9439;440011.6423;275015.6516;339360.2014;162772.2113;235281.5639;244196.7373;222308.6672;221254.2084;185041.5065;23075.01633;151152.1396;125499.0781;164108.7397;116047.7621;117178.0551;62313.82681;51950.10763;56811.33131;39817.13395;32526.10445;24947.99573;36104.741;28757.32108;31430.66593;23555.25063;14655.22201;20042.41938;18731.26756;13723.4001;12687.45228;14393.09684;12544.8883;10179.09697;8808.653267;6769.348522;6762.930327;6858.030377;5296.142864;6230.999588;4171.561117;3197.287265;4477.150282;4251.851509;3679.283003;4171.251068;3371.134898;3760.811389;3283.739916;2729.154466;3140.753301;2662.385816;2678.558048;2455.022038;2481.978987;2286.715134;1797.152034;1591.710388;1321.526332;1388.494973;1982.26778;981.9254673;1529.806531;1445.084578;1369.90207;1212.557614;1054.997628;558.3525498;626.7979254;601.9456333;548.0363704;304.8728747;559.3931919;560.214799;429.5306417;419.0793696;448.0005445;322.5642693;390.3417946;238.0745513;350.8009538;381.0265231;242.4674587;307.0969163;274.8220432;162.6634278;256.6166699;221.0999199;230.1550428;215.6532997;156.0428801;175.1625956;85.79936496;128.846069;134.3682137;163.6906636;122.8453474;108.5780657;116.2327445;88.66414484;70.10951853;70.82337639;79.83977061;41.74252573;56.76434929;47.24631492;58.96009977;50.94693117;49.79990988;39.84323309;49.04944702;51.19952968;41.84815912;31.13494418;18.51613125;31.64072717;37.0451473;32.70156178;26.82541222;9.218978331;24.41368898;20.29176924;22.66412429;27.66881029;22.70616545;22.43157663;18.92186251;19.22376742;12.43152055;12.76482675;12.45794877;8.771904112;9.383561248;9.552841411;7.928591463;9.283761863;7.544713937;7.661809563;6.549226441;7.224638779;3.488796528;4.823848966;6.505376473;6.266418629;5.659145205;6.082695033;6.045289802;3.782521125;4.815891744;3.101807556;2.399474585;3.56811012;3.38470135;2.633369884;2.518564516;2.893230981;2.662959815;1.028866157;2.605333318;0;1.195589516;1.173552888;1.285064217;1.376147766;0.847194606;1.387647746;0.925411465;0.486802199;0.494864287;0.337275618;0.409457562;0.375541929;0.252333679;0.249846224;0.192558389;0.091015113
02/04/2020;1026160486;261189599.7;120445116.8;28906732.32;12346932.31;11757689.83;12278637.29;10032076.96;10742046.99;11243894.77;5842033.794;3121332.249;2594663.579;1957649.198;2225776.267;1776180.313;1535935.615;1387359.938;1134626.384;663082.5479;651912.6869;497236.355;372079.9992;346901.5393;209278.5574;261423.9599;256162.3774;222308.6672;221254.2084;189482.5026;46150.03265;151152.1396;137557.7084;136757.283;116047.7621;117178.0551;65410.16604;55046.41358;57678.67988;43763.48982;36610.55453;28354.0694;36104.741;31992.5197;33981.18719;25429.08172;17157.33308;21376.99189;21853.14549;15115.11847;13826.75038;14954.79178;13102.43889;11366.21533;9644.573217;7343.022126;7852.579346;7072.791245;6052.734702;6494.047919;4500.548587;3817.092361;4818.877104;4676.067024;4102.976896;4379.163894;3765.691133;3861.99914;3511.953501;3169.148868;3533.347463;2899.043852;2678.558048;2638.575088;2626.926968;2286.715134;2055.926318;1650.810551;1453.678965;1533.893975;2000.111598;1235.247762;1629.243955;1526.009314;1463.304484;1364.770728;1151.177624;621.4509273;721.456273;670.73942;616.927948;426.8220246;605.7883618;580.1040818;478.5856732;479.9712438;448.0005445;322.5642693;402.2062868;305.0330189;371.992153;381.0265231;280.4482023;330.2948848;294.4791907;162.6634278;262.8756131;255.0353814;247.5662989;242.1919605;198.6825043;192.5136074;160.0184475;141.7306759;167.9602671;163.6906636;122.8453474;112.2964926;116.2327445;92.65802524;79.99349781;80.69145393;86.49308482;61.22237106;59.59078992;54.12284469;60.51168135;50.94693117;52.72435405;43.13304133;50.09305227;51.19952968;44.37744346;35.17386011;24.31732259;33.81707348;37.38501104;38.15182207;31.66370231;15.97956244;27.24426162;24.45418344;23.14126374;28.9458323;24.88437318;23.60344427;20.62749518;20.36604925;12.43152055;14.45740047;14.24017657;9.429380796;10.80891232;9.552841411;9.229741656;9.929588775;8.636712006;8.507657603;9.823839662;7.721746952;3.488796528;5.470999074;6.505376473;6.266418629;5.777868531;6.087938672;6.045289802;4.45093621;4.925343829;4.96289209;3.177682559;3.693306966;3.612770075;3.576181323;2.611844684;2.893230981;2.884873133;1.028866157;2.605333318;1.664138745;1.434707419;1.499375457;1.492332639;1.548166237;0.931914067;1.387647746;0.978596032;0.619588585;0.494864287;0.385457849;0.409457562;0.375541929;0.252333679;0.249846224;0.192558389;0.104017272
03/04/2020;1094571185;281966045.1;120445116.8;28906732.32;15776635.73;12059873.45;12278637.29;12038492.36;10742046.99;11243894.77;7022548.395;3225376.658;2623981.812;2349179.038;2225776.267;1776180.313;1613133.826;1429830.141;1252001.527;663082.5479;651912.6869;519662.2559;412523.4774;359470.4356;348797.5957;313708.7519;272035.1654;222308.6672;221254.2084;192443.1667;69225.04898;151152.1396;143363.7156;136757.283;116047.7621;117178.0551;71989.88688;57324.05506;58112.35416;47818.19939;39659.20943;32118.67713;38056.34862;35587.18483;35140.51503;27204.29011;20731.77748;22258.76302;21853.14549;16929.63735;15341.731;15485.58006;13659.98948;12618.30037;10554.15661;8222.654984;8717.192155;7273.234722;6052.734702;6752.419083;5487.510996;4467.131852;5125.644331;4958.473353;4595.209508;4673.707064;4038.39912;4157.130078;3854.273878;3442.658901;3533.347463;3116.658473;2678.558048;2845.072269;2740.741756;2555.740443;2327.261276;1796.96894;1762.03511;1933.413754;2017.353939;1524.758957;1721.032347;1603.080492;1463.304484;1502.767481;1202.622738;722.453726;768.2152157;714.3088182;671.8863976;426.8220246;642.9044978;611.5954463;530.033633;555.1906179;448.0005445;430.0856924;412.8843299;342.2321675;392.0040159;406.4282913;323.5322216;342.4462016;314.9868878;271.105713;278.522971;292.8664954;269.3303692;265.8846523;201.4041824;222.2581991;184.7581417;154.6152829;167.9602671;163.6906636;148.7075258;118.2459757;116.2327445;103.8408904;90.55172082;92.49024229;88.71085623;61.22237106;63.39863355;56.76933248;64.23547712;57.31529757;55.62067857;48.18959843;52.5281312;51.19952968;47.13666274;42.03609592;40.4494026;38.14585022;38.74446599;38.15182207;34.9013973;22.43284727;32.55158531;26.01508876;26.0041005;29.08772364;26.91736707;24.59076583;22.51079793;20.9650507;14.50344064;16.00892637;15.79889065;10.52794943;11.12565701;11.75734328;10.96148832;10.65614405;9.212492807;9.68791068;9.823839662;7.854309131;3.488796528;5.995071554;6.505376473;6.266418629;6.054889625;6.093773143;6.045289802;5.010899841;5.253700084;4.96289209;3.891039868;4.381889621;4.008358307;3.966310195;2.845045102;2.893230981;2.884873133;2.743643086;2.605333318;1.664138745;1.434707419;1.753356475;1.616693693;1.548166237;0.931914067;1.387647746;1.116875906;0.625436059;0.692810002;0.385457849;0.409457562;0.375541929;0.304540647;0.249846224;0.192558389;0.13002159
04/04/2020;1128776534;290870236;127327694.9;28906732.32;15776635.73;12801596.87;12606067.62;12038492.36;11718596.71;11243894.77;7930636.55;3329421.066;2653300.044;2596461.042;2225776.267;2220225.391;1685391.352;1507692.178;1310689.099;663082.5479;651912.6869;532035.1667;420612.173;364497.9941;348797.5957;313708.7519;290349.9207;259360.1117;221254.2084;198364.495;161525.1143;151152.1396;149169.7228;136757.283;124974.5131;117178.0551;75860.3109;59952.55274;58546.02845;52554.39672;41917.67006;39588.13693;39032.15243;38283.18368;36505.9456;28768.41135;23948.77743;23283.52406;21853.14549;18303.73903;16648.45284;15830.92838;14356.92772;13595.75355;11235.27657;9236.145017;9119.888532;7445.043416;7061.523819;7023.187555;6303.399921;5684.066249;5425.316436;5420.262243;5212.057971;4877.288372;4473.571439;4292.047079;4221.95132;3710.223065;3337.050382;3285.314077;3124.98439;2845.072269;2832.610195;2735.09065;2554.999718;2512.399314;2158.493009;2127.27909;2036.20022;1815.476448;1801.34719;1676.298111;1650.109311;1579.241703;1247.35762;820.0519359;790.3401789;777.3697893;735.3595365;731.6948994;666.7648709;662.9760935;623.3578393;580.2637425;448.0005445;430.0856924;421.1894744;416.6304648;410.8733967;406.4282913;370.1266762;356.8068488;329.1627154;325.3268556;319.2061016;313.9895887;300.888271;296.0519235;239.5076764;237.9567336;231.6056477;169.9541006;167.9602671;163.6906636;148.7075258;123.4517733;116.2327445;115.0237555;101.4815665;94.81935376;90.92862763;80.7022164;73.88001755;68.09282945;67.9592729;63.68366396;58.12332791;55.9876624;55.31107855;51.19952968;50.47071937;48.03565066;44.10494783;41.75715014;38.74446599;38.15182207;36.41494249;34.11021982;33.96687163;31.73840829;29.22479184;29.08772364;28.76554333;25.60576929;24.98041191;22.079472;20.71920092;18.75935865;16.57530673;12.07593251;11.83833255;11.75734328;11.71035174;11.2212426;10.542745;10.52392328;9.823839662;7.953730766;6.977593055;6.701775354;6.505376473;6.266418629;6.134038509;6.096136473;6.045289802;5.732434005;5.253700084;4.96289209;4.669247841;4.381889621;4.222298881;4.096353152;3.264805854;2.893230981;2.884873133;2.743643086;2.605333318;2.21885166;2.152061128;1.999308142;1.699601061;1.548166237;1.524950292;1.387647746;1.138149733;0.750913102;0.692810002;0.43364008;0.409457562;0.375541929;0.330644131;0.249846224;0.240697987;0.13002159
